[0.000000] (-) TimerEvent: {}
[0.000771] (rplidar_ros) JobQueued: {'identifier': 'rplidar_ros', 'dependencies': OrderedDict()}
[0.000934] (rplidar_ros) JobStarted: {'identifier': 'rplidar_ros'}
[0.018256] (rplidar_ros) JobProgress: {'identifier': 'rplidar_ros', 'progress': 'cmake'}
[0.019323] (rplidar_ros) Command: {'cmd': ['/usr/bin/cmake', '/home/ty/rplidar_sdk/src/rplidar_ros', '-DCMAKE_INSTALL_PREFIX=/home/ty/rplidar_sdk/src/rplidar_ros/install/rplidar_ros'], 'cwd': '/home/ty/rplidar_sdk/src/rplidar_ros/build/rplidar_ros', 'env': OrderedDict([('LESSOPEN', '| /usr/bin/lesspipe %s'), ('USER', 'ty'), ('XDG_SESSION_TYPE', 'x11'), ('SHLVL', '1'), ('LD_LIBRARY_PATH', '/opt/ros/humble/opt/rviz_ogre_vendor/lib:/opt/ros/humble/lib/aarch64-linux-gnu:/opt/ros/humble/lib'), ('HOME', '/home/ty'), ('OLDPWD', '/home/ty'), ('DESKTOP_SESSION', 'ubuntu'), ('ROS_PYTHON_VERSION', '3'), ('GNOME_SHELL_SESSION_MODE', 'ubuntu'), ('GTK_MODULES', 'gail:atk-bridge'), ('SYSTEMD_EXEC_PID', '1829'), ('DBUS_SESSION_BUS_ADDRESS', 'unix:path=/run/user/1000/bus'), ('COLORTERM', 'truecolor'), ('IM_CONFIG_PHASE', '1'), ('ROS_DISTRO', 'humble'), ('GTK_IM_MODULE', 'ibus'), ('LOGNAME', 'ty'), ('_', '/usr/bin/colcon'), ('ROS_VERSION', '2'), ('XDG_SESSION_CLASS', 'user'), ('USERNAME', 'ty'), ('TERM', 'xterm-256color'), ('GNOME_DESKTOP_SESSION_ID', 'this-is-deprecated'), ('ROS_LOCALHOST_ONLY', '0'), ('WINDOWPATH', '2'), ('PATH', '/opt/ros/humble/bin:/usr/local/sbin:/usr/local/bin:/usr/sbin:/usr/bin:/sbin:/bin:/usr/games:/usr/local/games:/snap/bin:/snap/bin'), ('SESSION_MANAGER', 'local/ty-desktop:@/tmp/.ICE-unix/1803,unix/ty-desktop:/tmp/.ICE-unix/1803'), ('XDG_MENU_PREFIX', 'gnome-'), ('GNOME_TERMINAL_SCREEN', '/org/gnome/Terminal/screen/3c3b2d9d_d8a8_43d9_a94d_f580eb61baa1'), ('XDG_RUNTIME_DIR', '/run/user/1000'), ('DISPLAY', ':0'), ('LANG', 'en_US.UTF-8'), ('XDG_CURRENT_DESKTOP', 'ubuntu:GNOME'), ('XMODIFIERS', '@im=ibus'), ('XDG_SESSION_DESKTOP', 'ubuntu'), ('XAUTHORITY', '/run/user/1000/gdm/Xauthority'), ('LS_COLORS', 'rs=0:di=01;34:ln=01;36:mh=00:pi=40;33:so=01;35:do=01;35:bd=40;33;01:cd=40;33;01:or=40;31;01:mi=00:su=37;41:sg=30;43:ca=30;41:tw=30;42:ow=34;42:st=37;44:ex=01;32:*.tar=01;31:*.tgz=01;31:*.arc=01;31:*.arj=01;31:*.taz=01;31:*.lha=01;31:*.lz4=01;31:*.lzh=01;31:*.lzma=01;31:*.tlz=01;31:*.txz=01;31:*.tzo=01;31:*.t7z=01;31:*.zip=01;31:*.z=01;31:*.dz=01;31:*.gz=01;31:*.lrz=01;31:*.lz=01;31:*.lzo=01;31:*.xz=01;31:*.zst=01;31:*.tzst=01;31:*.bz2=01;31:*.bz=01;31:*.tbz=01;31:*.tbz2=01;31:*.tz=01;31:*.deb=01;31:*.rpm=01;31:*.jar=01;31:*.war=01;31:*.ear=01;31:*.sar=01;31:*.rar=01;31:*.alz=01;31:*.ace=01;31:*.zoo=01;31:*.cpio=01;31:*.7z=01;31:*.rz=01;31:*.cab=01;31:*.wim=01;31:*.swm=01;31:*.dwm=01;31:*.esd=01;31:*.jpg=01;35:*.jpeg=01;35:*.mjpg=01;35:*.mjpeg=01;35:*.gif=01;35:*.bmp=01;35:*.pbm=01;35:*.pgm=01;35:*.ppm=01;35:*.tga=01;35:*.xbm=01;35:*.xpm=01;35:*.tif=01;35:*.tiff=01;35:*.png=01;35:*.svg=01;35:*.svgz=01;35:*.mng=01;35:*.pcx=01;35:*.mov=01;35:*.mpg=01;35:*.mpeg=01;35:*.m2v=01;35:*.mkv=01;35:*.webm=01;35:*.webp=01;35:*.ogm=01;35:*.mp4=01;35:*.m4v=01;35:*.mp4v=01;35:*.vob=01;35:*.qt=01;35:*.nuv=01;35:*.wmv=01;35:*.asf=01;35:*.rm=01;35:*.rmvb=01;35:*.flc=01;35:*.avi=01;35:*.fli=01;35:*.flv=01;35:*.gl=01;35:*.dl=01;35:*.xcf=01;35:*.xwd=01;35:*.yuv=01;35:*.cgm=01;35:*.emf=01;35:*.ogv=01;35:*.ogx=01;35:*.aac=00;36:*.au=00;36:*.flac=00;36:*.m4a=00;36:*.mid=00;36:*.midi=00;36:*.mka=00;36:*.mp3=00;36:*.mpc=00;36:*.ogg=00;36:*.ra=00;36:*.wav=00;36:*.oga=00;36:*.opus=00;36:*.spx=00;36:*.xspf=00;36:'), ('GNOME_TERMINAL_SERVICE', ':1.93'), ('SSH_AGENT_LAUNCHER', 'gnome-keyring'), ('SSH_AUTH_SOCK', '/run/user/1000/keyring/ssh'), ('AMENT_PREFIX_PATH', '/opt/ros/humble'), ('SHELL', '/bin/bash'), ('QT_ACCESSIBILITY', '1'), ('GDMSESSION', 'ubuntu'), ('LESSCLOSE', '/usr/bin/lesspipe %s %s'), ('GPG_AGENT_INFO', '/run/user/1000/gnupg/S.gpg-agent:0:1'), ('QT_IM_MODULE', 'ibus'), ('PWD', '/home/ty/rplidar_sdk/src/rplidar_ros/build/rplidar_ros'), ('XDG_CONFIG_DIRS', '/etc/xdg/xdg-ubuntu:/etc/xdg'), ('XDG_DATA_DIRS', '/usr/share/ubuntu:/usr/share/gnome:/usr/local/share/:/usr/share/:/var/lib/snapd/desktop'), ('PYTHONPATH', '/opt/ros/humble/lib/python3.10/site-packages:/opt/ros/humble/local/lib/python3.10/dist-packages'), ('COLCON', '1'), ('VTE_VERSION', '6800'), ('CMAKE_PREFIX_PATH', '/opt/ros/humble')]), 'shell': False}
[0.098527] (-) TimerEvent: {}
[0.199103] (-) TimerEvent: {}
[0.205420] (rplidar_ros) StdoutLine: {'line': b'-- The C compiler identification is GNU 11.4.0\n'}
[0.299236] (-) TimerEvent: {}
[0.370148] (rplidar_ros) StdoutLine: {'line': b'-- The CXX compiler identification is GNU 11.4.0\n'}
[0.392633] (rplidar_ros) StdoutLine: {'line': b'-- Detecting C compiler ABI info\n'}
[0.399472] (-) TimerEvent: {}
[0.500131] (-) TimerEvent: {}
[0.541487] (rplidar_ros) StdoutLine: {'line': b'-- Detecting C compiler ABI info - done\n'}
[0.563677] (rplidar_ros) StdoutLine: {'line': b'-- Check for working C compiler: /usr/bin/cc - skipped\n'}
[0.567452] (rplidar_ros) StdoutLine: {'line': b'-- Detecting C compile features\n'}
[0.569308] (rplidar_ros) StdoutLine: {'line': b'-- Detecting C compile features - done\n'}
[0.581327] (rplidar_ros) StdoutLine: {'line': b'-- Detecting CXX compiler ABI info\n'}
[0.600275] (-) TimerEvent: {}
[0.700874] (-) TimerEvent: {}
[0.748247] (rplidar_ros) StdoutLine: {'line': b'-- Detecting CXX compiler ABI info - done\n'}
[0.772300] (rplidar_ros) StdoutLine: {'line': b'-- Check for working CXX compiler: /usr/bin/c++ - skipped\n'}
[0.773251] (rplidar_ros) StdoutLine: {'line': b'-- Detecting CXX compile features\n'}
[0.774866] (rplidar_ros) StdoutLine: {'line': b'-- Detecting CXX compile features - done\n'}
[0.786370] (rplidar_ros) StdoutLine: {'line': b'-- Found ament_cmake: 1.3.11 (/opt/ros/humble/share/ament_cmake/cmake)\n'}
[0.800967] (-) TimerEvent: {}
[0.901522] (-) TimerEvent: {}
[1.002126] (-) TimerEvent: {}
[1.102729] (-) TimerEvent: {}
[1.119754] (rplidar_ros) StdoutLine: {'line': b'-- Found Python3: /usr/bin/python3 (found version "3.10.12") found components: Interpreter \n'}
[1.202894] (-) TimerEvent: {}
[1.303635] (-) TimerEvent: {}
[1.325892] (rplidar_ros) StdoutLine: {'line': b'-- Found rclcpp: 16.0.12 (/opt/ros/humble/share/rclcpp/cmake)\n'}
[1.403817] (-) TimerEvent: {}
[1.414518] (rplidar_ros) StdoutLine: {'line': b'-- Found rosidl_generator_c: 3.1.6 (/opt/ros/humble/share/rosidl_generator_c/cmake)\n'}
[1.423749] (rplidar_ros) StdoutLine: {'line': b'-- Found rosidl_adapter: 3.1.6 (/opt/ros/humble/share/rosidl_adapter/cmake)\n'}
[1.440564] (rplidar_ros) StdoutLine: {'line': b'-- Found rosidl_generator_cpp: 3.1.6 (/opt/ros/humble/share/rosidl_generator_cpp/cmake)\n'}
[1.465587] (rplidar_ros) StdoutLine: {'line': b'-- Using all available rosidl_typesupport_c: rosidl_typesupport_fastrtps_c;rosidl_typesupport_introspection_c\n'}
[1.496676] (rplidar_ros) StdoutLine: {'line': b'-- Using all available rosidl_typesupport_cpp: rosidl_typesupport_fastrtps_cpp;rosidl_typesupport_introspection_cpp\n'}
[1.503868] (-) TimerEvent: {}
[1.586483] (rplidar_ros) StdoutLine: {'line': b'-- Found rmw_implementation_cmake: 6.1.2 (/opt/ros/humble/share/rmw_implementation_cmake/cmake)\n'}
[1.591378] (rplidar_ros) StdoutLine: {'line': b'-- Found rmw_fastrtps_cpp: 6.2.7 (/opt/ros/humble/share/rmw_fastrtps_cpp/cmake)\n'}
[1.603960] (-) TimerEvent: {}
[1.704435] (-) TimerEvent: {}
[1.742890] (rplidar_ros) StdoutLine: {'line': b'-- Found OpenSSL: /usr/lib/aarch64-linux-gnu/libcrypto.so (found version "3.0.2")  \n'}
[1.801317] (rplidar_ros) StdoutLine: {'line': b'-- Found FastRTPS: /opt/ros/humble/include  \n'}
[1.804496] (-) TimerEvent: {}
[1.871865] (rplidar_ros) StdoutLine: {'line': b"-- Using RMW implementation 'rmw_fastrtps_cpp' as default\n"}
[1.888524] (rplidar_ros) StdoutLine: {'line': b'-- Looking for pthread.h\n'}
[1.904645] (-) TimerEvent: {}
[2.005398] (-) TimerEvent: {}
[2.030427] (rplidar_ros) StdoutLine: {'line': b'-- Looking for pthread.h - found\n'}
[2.031651] (rplidar_ros) StdoutLine: {'line': b'-- Performing Test CMAKE_HAVE_LIBC_PTHREAD\n'}
[2.105590] (-) TimerEvent: {}
[2.175003] (rplidar_ros) StdoutLine: {'line': b'-- Performing Test CMAKE_HAVE_LIBC_PTHREAD - Success\n'}
[2.178711] (rplidar_ros) StdoutLine: {'line': b'-- Found Threads: TRUE  \n'}
[2.205753] (-) TimerEvent: {}
[2.306420] (-) TimerEvent: {}
[2.322027] (rplidar_ros) StdoutLine: {'line': b'-- Found sensor_msgs: 4.8.0 (/opt/ros/humble/share/sensor_msgs/cmake)\n'}
[2.384367] (rplidar_ros) StdoutLine: {'line': b'-- Found std_srvs: 4.8.0 (/opt/ros/humble/share/std_srvs/cmake)\n'}
[2.406509] (-) TimerEvent: {}
[2.507184] (-) TimerEvent: {}
[2.554117] (rplidar_ros) StdoutLine: {'line': b'-- Configuring done\n'}
[2.607463] (rplidar_ros) StdoutLine: {'line': b'-- Generating done\n'}
[2.607946] (-) TimerEvent: {}
[2.622377] (rplidar_ros) StdoutLine: {'line': b'-- Build files have been written to: /home/ty/rplidar_sdk/src/rplidar_ros/build/rplidar_ros\n'}
[2.647018] (rplidar_ros) CommandEnded: {'returncode': 0}
[2.648490] (rplidar_ros) JobProgress: {'identifier': 'rplidar_ros', 'progress': 'build'}
[2.650964] (rplidar_ros) Command: {'cmd': ['/usr/bin/cmake', '--build', '/home/ty/rplidar_sdk/src/rplidar_ros/build/rplidar_ros', '--', '-j6', '-l6'], 'cwd': '/home/ty/rplidar_sdk/src/rplidar_ros/build/rplidar_ros', 'env': OrderedDict([('LESSOPEN', '| /usr/bin/lesspipe %s'), ('USER', 'ty'), ('XDG_SESSION_TYPE', 'x11'), ('SHLVL', '1'), ('LD_LIBRARY_PATH', '/opt/ros/humble/opt/rviz_ogre_vendor/lib:/opt/ros/humble/lib/aarch64-linux-gnu:/opt/ros/humble/lib'), ('HOME', '/home/ty'), ('OLDPWD', '/home/ty'), ('DESKTOP_SESSION', 'ubuntu'), ('ROS_PYTHON_VERSION', '3'), ('GNOME_SHELL_SESSION_MODE', 'ubuntu'), ('GTK_MODULES', 'gail:atk-bridge'), ('SYSTEMD_EXEC_PID', '1829'), ('DBUS_SESSION_BUS_ADDRESS', 'unix:path=/run/user/1000/bus'), ('COLORTERM', 'truecolor'), ('IM_CONFIG_PHASE', '1'), ('ROS_DISTRO', 'humble'), ('GTK_IM_MODULE', 'ibus'), ('LOGNAME', 'ty'), ('_', '/usr/bin/colcon'), ('ROS_VERSION', '2'), ('XDG_SESSION_CLASS', 'user'), ('USERNAME', 'ty'), ('TERM', 'xterm-256color'), ('GNOME_DESKTOP_SESSION_ID', 'this-is-deprecated'), ('ROS_LOCALHOST_ONLY', '0'), ('WINDOWPATH', '2'), ('PATH', '/opt/ros/humble/bin:/usr/local/sbin:/usr/local/bin:/usr/sbin:/usr/bin:/sbin:/bin:/usr/games:/usr/local/games:/snap/bin:/snap/bin'), ('SESSION_MANAGER', 'local/ty-desktop:@/tmp/.ICE-unix/1803,unix/ty-desktop:/tmp/.ICE-unix/1803'), ('XDG_MENU_PREFIX', 'gnome-'), ('GNOME_TERMINAL_SCREEN', '/org/gnome/Terminal/screen/3c3b2d9d_d8a8_43d9_a94d_f580eb61baa1'), ('XDG_RUNTIME_DIR', '/run/user/1000'), ('DISPLAY', ':0'), ('LANG', 'en_US.UTF-8'), ('XDG_CURRENT_DESKTOP', 'ubuntu:GNOME'), ('XMODIFIERS', '@im=ibus'), ('XDG_SESSION_DESKTOP', 'ubuntu'), ('XAUTHORITY', '/run/user/1000/gdm/Xauthority'), ('LS_COLORS', 'rs=0:di=01;34:ln=01;36:mh=00:pi=40;33:so=01;35:do=01;35:bd=40;33;01:cd=40;33;01:or=40;31;01:mi=00:su=37;41:sg=30;43:ca=30;41:tw=30;42:ow=34;42:st=37;44:ex=01;32:*.tar=01;31:*.tgz=01;31:*.arc=01;31:*.arj=01;31:*.taz=01;31:*.lha=01;31:*.lz4=01;31:*.lzh=01;31:*.lzma=01;31:*.tlz=01;31:*.txz=01;31:*.tzo=01;31:*.t7z=01;31:*.zip=01;31:*.z=01;31:*.dz=01;31:*.gz=01;31:*.lrz=01;31:*.lz=01;31:*.lzo=01;31:*.xz=01;31:*.zst=01;31:*.tzst=01;31:*.bz2=01;31:*.bz=01;31:*.tbz=01;31:*.tbz2=01;31:*.tz=01;31:*.deb=01;31:*.rpm=01;31:*.jar=01;31:*.war=01;31:*.ear=01;31:*.sar=01;31:*.rar=01;31:*.alz=01;31:*.ace=01;31:*.zoo=01;31:*.cpio=01;31:*.7z=01;31:*.rz=01;31:*.cab=01;31:*.wim=01;31:*.swm=01;31:*.dwm=01;31:*.esd=01;31:*.jpg=01;35:*.jpeg=01;35:*.mjpg=01;35:*.mjpeg=01;35:*.gif=01;35:*.bmp=01;35:*.pbm=01;35:*.pgm=01;35:*.ppm=01;35:*.tga=01;35:*.xbm=01;35:*.xpm=01;35:*.tif=01;35:*.tiff=01;35:*.png=01;35:*.svg=01;35:*.svgz=01;35:*.mng=01;35:*.pcx=01;35:*.mov=01;35:*.mpg=01;35:*.mpeg=01;35:*.m2v=01;35:*.mkv=01;35:*.webm=01;35:*.webp=01;35:*.ogm=01;35:*.mp4=01;35:*.m4v=01;35:*.mp4v=01;35:*.vob=01;35:*.qt=01;35:*.nuv=01;35:*.wmv=01;35:*.asf=01;35:*.rm=01;35:*.rmvb=01;35:*.flc=01;35:*.avi=01;35:*.fli=01;35:*.flv=01;35:*.gl=01;35:*.dl=01;35:*.xcf=01;35:*.xwd=01;35:*.yuv=01;35:*.cgm=01;35:*.emf=01;35:*.ogv=01;35:*.ogx=01;35:*.aac=00;36:*.au=00;36:*.flac=00;36:*.m4a=00;36:*.mid=00;36:*.midi=00;36:*.mka=00;36:*.mp3=00;36:*.mpc=00;36:*.ogg=00;36:*.ra=00;36:*.wav=00;36:*.oga=00;36:*.opus=00;36:*.spx=00;36:*.xspf=00;36:'), ('GNOME_TERMINAL_SERVICE', ':1.93'), ('SSH_AGENT_LAUNCHER', 'gnome-keyring'), ('SSH_AUTH_SOCK', '/run/user/1000/keyring/ssh'), ('AMENT_PREFIX_PATH', '/opt/ros/humble'), ('SHELL', '/bin/bash'), ('QT_ACCESSIBILITY', '1'), ('GDMSESSION', 'ubuntu'), ('LESSCLOSE', '/usr/bin/lesspipe %s %s'), ('GPG_AGENT_INFO', '/run/user/1000/gnupg/S.gpg-agent:0:1'), ('QT_IM_MODULE', 'ibus'), ('PWD', '/home/ty/rplidar_sdk/src/rplidar_ros/build/rplidar_ros'), ('XDG_CONFIG_DIRS', '/etc/xdg/xdg-ubuntu:/etc/xdg'), ('XDG_DATA_DIRS', '/usr/share/ubuntu:/usr/share/gnome:/usr/local/share/:/usr/share/:/var/lib/snapd/desktop'), ('PYTHONPATH', '/opt/ros/humble/lib/python3.10/site-packages:/opt/ros/humble/local/lib/python3.10/dist-packages'), ('COLCON', '1'), ('VTE_VERSION', '6800'), ('CMAKE_PREFIX_PATH', '/opt/ros/humble')]), 'shell': False}
[2.708087] (-) TimerEvent: {}
[2.750976] (rplidar_ros) StdoutLine: {'line': b'[  7%] \x1b[32mBuilding CXX object CMakeFiles/rplidar_node.dir/sdk/src/arch/linux/net_socket.cpp.o\x1b[0m\n'}
[2.751712] (rplidar_ros) StdoutLine: {'line': b'[  7%] \x1b[32mBuilding CXX object CMakeFiles/rplidar_node.dir/sdk/src/arch/linux/net_serial.cpp.o\x1b[0m\n'}
[2.751909] (rplidar_ros) StdoutLine: {'line': b'[ 10%] \x1b[32mBuilding CXX object CMakeFiles/rplidar_client.dir/src/rplidar_client.cpp.o\x1b[0m\n'}
[2.752182] (rplidar_ros) StdoutLine: {'line': b'[ 10%] \x1b[32mBuilding CXX object CMakeFiles/rplidar_node.dir/src/rplidar_node.cpp.o\x1b[0m\n'}
[2.754228] (rplidar_ros) StdoutLine: {'line': b'[ 13%] \x1b[32mBuilding CXX object CMakeFiles/rplidar_node.dir/sdk/src/arch/linux/timer.cpp.o\x1b[0m\n'}
[2.772682] (rplidar_ros) StdoutLine: {'line': b'[ 15%] \x1b[32mBuilding CXX object CMakeFiles/rplidar_composition.dir/src/rplidar_node.cpp.o\x1b[0m\n'}
[2.808286] (-) TimerEvent: {}
[2.908950] (-) TimerEvent: {}
[3.009620] (-) TimerEvent: {}
[3.110286] (-) TimerEvent: {}
[3.210976] (-) TimerEvent: {}
[3.311673] (-) TimerEvent: {}
[3.412361] (-) TimerEvent: {}
[3.513136] (-) TimerEvent: {}
[3.594619] (rplidar_ros) StderrLine: {'line': b'In file included from \x1b[01m\x1b[K/home/ty/rplidar_sdk/src/rplidar_ros/sdk/include/rplidar_protocol.h:36\x1b[m\x1b[K,\n'}
[3.595221] (rplidar_ros) StderrLine: {'line': b'                 from \x1b[01m\x1b[K/home/ty/rplidar_sdk/src/rplidar_ros/sdk/include/rplidar.h:39\x1b[m\x1b[K,\n'}
[3.595449] (rplidar_ros) StderrLine: {'line': b'                 from \x1b[01m\x1b[K/home/ty/rplidar_sdk/src/rplidar_ros/sdk/src/sdkcommon.h:49\x1b[m\x1b[K,\n'}
[3.595647] (rplidar_ros) StderrLine: {'line': b'                 from \x1b[01m\x1b[K/home/ty/rplidar_sdk/src/rplidar_ros/sdk/src/arch/linux/net_socket.cpp:10\x1b[m\x1b[K:\n'}
[3.595819] (rplidar_ros) StderrLine: {'line': b'\x1b[01m\x1b[K/home/ty/rplidar_sdk/src/rplidar_ros/sdk/include/sl_lidar_protocol.h:66:16:\x1b[m\x1b[K \x1b[01;35m\x1b[Kwarning: \x1b[m\x1b[KISO C++ forbids zero-size array \xe2\x80\x98\x1b[01m\x1b[Kdata\x1b[m\x1b[K\xe2\x80\x99 [\x1b[01;35m\x1b[K\x1b]8;;https://gcc.gnu.org/onlinedocs/gcc/Warning-Options.html#index-Wpedantic\x07-Wpedantic\x1b]8;;\x07\x1b[m\x1b[K]\n'}
[3.595969] (rplidar_ros) StderrLine: {'line': b'   66 |     sl_u8 data[\x1b[01;35m\x1b[K0\x1b[m\x1b[K];\n'}
[3.596101] (rplidar_ros) StderrLine: {'line': b'      |                \x1b[01;35m\x1b[K^\x1b[m\x1b[K\n'}
[3.596423] (rplidar_ros) StderrLine: {'line': b'In file included from \x1b[01m\x1b[K/home/ty/rplidar_sdk/src/rplidar_ros/sdk/include/rplidar_cmd.h:36\x1b[m\x1b[K,\n'}
[3.596582] (rplidar_ros) StderrLine: {'line': b'                 from \x1b[01m\x1b[K/home/ty/rplidar_sdk/src/rplidar_ros/sdk/include/rplidar.h:40\x1b[m\x1b[K,\n'}
[3.596709] (rplidar_ros) StderrLine: {'line': b'                 from \x1b[01m\x1b[K/home/ty/rplidar_sdk/src/rplidar_ros/sdk/src/sdkcommon.h:49\x1b[m\x1b[K,\n'}
[3.596830] (rplidar_ros) StderrLine: {'line': b'                 from \x1b[01m\x1b[K/home/ty/rplidar_sdk/src/rplidar_ros/sdk/src/arch/linux/net_socket.cpp:10\x1b[m\x1b[K:\n'}
[3.596945] (rplidar_ros) StderrLine: {'line': b'\x1b[01m\x1b[K/home/ty/rplidar_sdk/src/rplidar_ros/sdk/include/sl_lidar_cmd.h:324:20:\x1b[m\x1b[K \x1b[01;35m\x1b[Kwarning: \x1b[m\x1b[KISO C++ forbids zero-size array \xe2\x80\x98\x1b[01m\x1b[Kpayload\x1b[m\x1b[K\xe2\x80\x99 [\x1b[01;35m\x1b[K\x1b]8;;https://gcc.gnu.org/onlinedocs/gcc/Warning-Options.html#index-Wpedantic\x07-Wpedantic\x1b]8;;\x07\x1b[m\x1b[K]\n'}
[3.597101] (rplidar_ros) StderrLine: {'line': b'  324 |     sl_u8  payload[\x1b[01;35m\x1b[K0\x1b[m\x1b[K];\n'}
[3.597243] (rplidar_ros) StderrLine: {'line': b'      |                    \x1b[01;35m\x1b[K^\x1b[m\x1b[K\n'}
[3.613344] (-) TimerEvent: {}
[3.647645] (rplidar_ros) StdoutLine: {'line': b'[ 18%] \x1b[32mBuilding CXX object CMakeFiles/rplidar_node.dir/sdk/src/dataunpacker/dataunpacker.cpp.o\x1b[0m\n'}
[3.713557] (-) TimerEvent: {}
[3.724424] (rplidar_ros) StderrLine: {'line': b'In file included from \x1b[01m\x1b[K/home/ty/rplidar_sdk/src/rplidar_ros/sdk/src/arch/linux/arch_linux.h:42\x1b[m\x1b[K,\n'}
[3.725110] (rplidar_ros) StderrLine: {'line': b'                 from \x1b[01m\x1b[K/home/ty/rplidar_sdk/src/rplidar_ros/sdk/src/sdkcommon.h:41\x1b[m\x1b[K,\n'}
[3.725440] (rplidar_ros) StderrLine: {'line': b'                 from \x1b[01m\x1b[K/home/ty/rplidar_sdk/src/rplidar_ros/sdk/src/arch/linux/net_socket.cpp:10\x1b[m\x1b[K:\n'}
[3.725727] (rplidar_ros) StderrLine: {'line': b'\x1b[01m\x1b[K/home/ty/rplidar_sdk/src/rplidar_ros/sdk/src/arch/linux/net_socket.cpp:\x1b[m\x1b[K In member function \xe2\x80\x98\x1b[01m\x1b[Kvirtual u_result rp::arch::net::DGramSocketImpl::sendTo(const rp::net::SocketAddress*, const void*, size_t)\x1b[m\x1b[K\xe2\x80\x99:\n'}
[3.726015] (rplidar_ros) StderrLine: {'line': b'\x1b[01m\x1b[K/home/ty/rplidar_sdk/src/rplidar_ros/sdk/src/arch/linux/net_socket.cpp:733:24:\x1b[m\x1b[K \x1b[01;35m\x1b[Kwarning: \x1b[m\x1b[Kcomparison of integer expressions of different signedness: \xe2\x80\x98\x1b[01m\x1b[Kint\x1b[m\x1b[K\xe2\x80\x99 and \xe2\x80\x98\x1b[01m\x1b[Ksize_t\x1b[m\x1b[K\xe2\x80\x99 {aka \xe2\x80\x98\x1b[01m\x1b[Klong unsigned int\x1b[m\x1b[K\xe2\x80\x99} [\x1b[01;35m\x1b[K\x1b]8;;https://gcc.gnu.org/onlinedocs/gcc/Warning-Options.html#index-Wsign-compare\x07-Wsign-compare\x1b]8;;\x07\x1b[m\x1b[K]\n'}
[3.726273] (rplidar_ros) StderrLine: {'line': b'  733 |             assert(\x1b[01;35m\x1b[Kans == len\x1b[m\x1b[K);\n'}
[3.726510] (rplidar_ros) StderrLine: {'line': b'      |                    \x1b[01;35m\x1b[K~~~~^~~~~~\x1b[m\x1b[K\n'}
[3.788196] (rplidar_ros) StderrLine: {'line': b'\x1b[01m\x1b[K/home/ty/rplidar_sdk/src/rplidar_ros/sdk/src/arch/linux/net_serial.cpp:\x1b[m\x1b[K In member function \xe2\x80\x98\x1b[01m\x1b[Kbool rp::arch::net::raw_serial::open(const char*, uint32_t, uint32_t)\x1b[m\x1b[K\xe2\x80\x99:\n'}
[3.788743] (rplidar_ros) StderrLine: {'line': b'\x1b[01m\x1b[K/home/ty/rplidar_sdk/src/rplidar_ros/sdk/src/arch/linux/net_serial.cpp:97:74:\x1b[m\x1b[K \x1b[01;35m\x1b[Kwarning: \x1b[m\x1b[Kunused parameter \xe2\x80\x98\x1b[01m\x1b[Kflags\x1b[m\x1b[K\xe2\x80\x99 [\x1b[01;35m\x1b[K\x1b]8;;https://gcc.gnu.org/onlinedocs/gcc/Warning-Options.html#index-Wunused-parameter\x07-Wunused-parameter\x1b]8;;\x07\x1b[m\x1b[K]\n'}
[3.788964] (rplidar_ros) StderrLine: {'line': b'   97 | bool raw_serial::open(const char * portname, uint32_t baudrate, \x1b[01;35m\x1b[Kuint32_t flags\x1b[m\x1b[K)\n'}
[3.789129] (rplidar_ros) StderrLine: {'line': b'      |                                                                 \x1b[01;35m\x1b[K~~~~~~~~~^~~~~\x1b[m\x1b[K\n'}
[3.789504] (rplidar_ros) StderrLine: {'line': b'\x1b[01m\x1b[K/home/ty/rplidar_sdk/src/rplidar_ros/sdk/src/arch/linux/net_serial.cpp:\x1b[m\x1b[K In member function \xe2\x80\x98\x1b[01m\x1b[Kvirtual void rp::arch::net::raw_serial::flush(_u32)\x1b[m\x1b[K\xe2\x80\x99:\n'}
[3.789684] (rplidar_ros) StderrLine: {'line': b'\x1b[01m\x1b[K/home/ty/rplidar_sdk/src/rplidar_ros/sdk/src/arch/linux/net_serial.cpp:281:30:\x1b[m\x1b[K \x1b[01;35m\x1b[Kwarning: \x1b[m\x1b[Kunused parameter \xe2\x80\x98\x1b[01m\x1b[Kflags\x1b[m\x1b[K\xe2\x80\x99 [\x1b[01;35m\x1b[K\x1b]8;;https://gcc.gnu.org/onlinedocs/gcc/Warning-Options.html#index-Wunused-parameter\x07-Wunused-parameter\x1b]8;;\x07\x1b[m\x1b[K]\n'}
[3.789865] (rplidar_ros) StderrLine: {'line': b'  281 | void raw_serial::flush( \x1b[01;35m\x1b[K_u32 flags\x1b[m\x1b[K)\n'}
[3.789994] (rplidar_ros) StderrLine: {'line': b'      |                         \x1b[01;35m\x1b[K~~~~~^~~~~\x1b[m\x1b[K\n'}
[3.790111] (rplidar_ros) StderrLine: {'line': b'\x1b[01m\x1b[K/home/ty/rplidar_sdk/src/rplidar_ros/sdk/src/arch/linux/net_serial.cpp:\x1b[m\x1b[K In member function \xe2\x80\x98\x1b[01m\x1b[Kvirtual int rp::arch::net::raw_serial::waitforsent(_u32, size_t*)\x1b[m\x1b[K\xe2\x80\x99:\n'}
[3.790261] (rplidar_ros) StderrLine: {'line': b'\x1b[01m\x1b[K/home/ty/rplidar_sdk/src/rplidar_ros/sdk/src/arch/linux/net_serial.cpp:286:34:\x1b[m\x1b[K \x1b[01;35m\x1b[Kwarning: \x1b[m\x1b[Kunused parameter \xe2\x80\x98\x1b[01m\x1b[Ktimeout\x1b[m\x1b[K\xe2\x80\x99 [\x1b[01;35m\x1b[K\x1b]8;;https://gcc.gnu.org/onlinedocs/gcc/Warning-Options.html#index-Wunused-parameter\x07-Wunused-parameter\x1b]8;;\x07\x1b[m\x1b[K]\n'}
[3.790402] (rplidar_ros) StderrLine: {'line': b'  286 | int raw_serial::waitforsent(\x1b[01;35m\x1b[K_u32 timeout\x1b[m\x1b[K, size_t * returned_size)\n'}
[3.790521] (rplidar_ros) StderrLine: {'line': b'      |                             \x1b[01;35m\x1b[K~~~~~^~~~~~~\x1b[m\x1b[K\n'}
[3.790638] (rplidar_ros) StderrLine: {'line': b'\x1b[01m\x1b[K/home/ty/rplidar_sdk/src/rplidar_ros/sdk/src/arch/linux/net_serial.cpp:\x1b[m\x1b[K In member function \xe2\x80\x98\x1b[01m\x1b[Kvirtual int rp::arch::net::raw_serial::waitforrecv(_u32, size_t*)\x1b[m\x1b[K\xe2\x80\x99:\n'}
[3.790757] (rplidar_ros) StderrLine: {'line': b'\x1b[01m\x1b[K/home/ty/rplidar_sdk/src/rplidar_ros/sdk/src/arch/linux/net_serial.cpp:292:34:\x1b[m\x1b[K \x1b[01;35m\x1b[Kwarning: \x1b[m\x1b[Kunused parameter \xe2\x80\x98\x1b[01m\x1b[Ktimeout\x1b[m\x1b[K\xe2\x80\x99 [\x1b[01;35m\x1b[K\x1b]8;;https://gcc.gnu.org/onlinedocs/gcc/Warning-Options.html#index-Wunused-parameter\x07-Wunused-parameter\x1b]8;;\x07\x1b[m\x1b[K]\n'}
[3.790876] (rplidar_ros) StderrLine: {'line': b'  292 | int raw_serial::waitforrecv(\x1b[01;35m\x1b[K_u32 timeout\x1b[m\x1b[K, size_t * returned_size)\n'}
[3.790990] (rplidar_ros) StderrLine: {'line': b'      |                             \x1b[01;35m\x1b[K~~~~~^~~~~~~\x1b[m\x1b[K\n'}
[3.792525] (rplidar_ros) StderrLine: {'line': b'\x1b[01m\x1b[K/home/ty/rplidar_sdk/src/rplidar_ros/sdk/src/arch/linux/net_serial.cpp:\x1b[m\x1b[K In member function \xe2\x80\x98\x1b[01m\x1b[Kvirtual void rp::arch::net::raw_serial::cancelOperation()\x1b[m\x1b[K\xe2\x80\x99:\n'}
[3.792900] (rplidar_ros) StderrLine: {'line': b'\x1b[01m\x1b[K/home/ty/rplidar_sdk/src/rplidar_ros/sdk/src/arch/linux/net_serial.cpp:427:5:\x1b[m\x1b[K \x1b[01;35m\x1b[Kwarning: \x1b[m\x1b[Kvalue computed is not used [\x1b[01;35m\x1b[K\x1b]8;;https://gcc.gnu.org/onlinedocs/gcc/Warning-Options.html#index-Wunused-value\x07-Wunused-value\x1b]8;;\x07\x1b[m\x1b[K]\n'}
[3.793110] (rplidar_ros) StderrLine: {'line': b'  427 |     \x1b[01;35m\x1b[K(int)::write(_selfpipe[1], "x", 1)\x1b[m\x1b[K;\n'}
[3.793257] (rplidar_ros) StderrLine: {'line': b'      |     \x1b[01;35m\x1b[K^~~~~~~~~~~~~~~~~~~~~~~~~~~~~~~~~~\x1b[m\x1b[K\n'}
[3.813769] (-) TimerEvent: {}
[3.914539] (-) TimerEvent: {}
[4.013674] (rplidar_ros) StdoutLine: {'line': b'[ 21%] \x1b[32mBuilding CXX object CMakeFiles/rplidar_node.dir/sdk/src/dataunpacker/unpacker/handler_capsules.cpp.o\x1b[0m\n'}
[4.014644] (-) TimerEvent: {}
[4.115254] (-) TimerEvent: {}
[4.123962] (rplidar_ros) StdoutLine: {'line': b'[ 23%] \x1b[32mBuilding CXX object CMakeFiles/rplidar_node.dir/sdk/src/dataunpacker/unpacker/handler_hqnode.cpp.o\x1b[0m\n'}
[4.215479] (-) TimerEvent: {}
[4.316203] (-) TimerEvent: {}
[4.416909] (-) TimerEvent: {}
[4.437161] (rplidar_ros) StderrLine: {'line': b'In file included from \x1b[01m\x1b[K/home/ty/rplidar_sdk/src/rplidar_ros/sdk/include/rplidar_protocol.h:36\x1b[m\x1b[K,\n'}
[4.437690] (rplidar_ros) StderrLine: {'line': b'                 from \x1b[01m\x1b[K/home/ty/rplidar_sdk/src/rplidar_ros/sdk/include/rplidar.h:39\x1b[m\x1b[K,\n'}
[4.438172] (rplidar_ros) StderrLine: {'line': b'                 from \x1b[01m\x1b[K/home/ty/rplidar_sdk/src/rplidar_ros/sdk/src/sdkcommon.h:49\x1b[m\x1b[K,\n'}
[4.438353] (rplidar_ros) StderrLine: {'line': b'                 from \x1b[01m\x1b[K/home/ty/rplidar_sdk/src/rplidar_ros/sdk/src/dataunpacker/dataunnpacker_commondef.h:41\x1b[m\x1b[K,\n'}
[4.438489] (rplidar_ros) StderrLine: {'line': b'                 from \x1b[01m\x1b[K/home/ty/rplidar_sdk/src/rplidar_ros/sdk/src/dataunpacker/dataunpacker.cpp:39\x1b[m\x1b[K:\n'}
[4.438613] (rplidar_ros) StderrLine: {'line': b'\x1b[01m\x1b[K/home/ty/rplidar_sdk/src/rplidar_ros/sdk/include/sl_lidar_protocol.h:66:16:\x1b[m\x1b[K \x1b[01;35m\x1b[Kwarning: \x1b[m\x1b[KISO C++ forbids zero-size array \xe2\x80\x98\x1b[01m\x1b[Kdata\x1b[m\x1b[K\xe2\x80\x99 [\x1b[01;35m\x1b[K\x1b]8;;https://gcc.gnu.org/onlinedocs/gcc/Warning-Options.html#index-Wpedantic\x07-Wpedantic\x1b]8;;\x07\x1b[m\x1b[K]\n'}
[4.438747] (rplidar_ros) StderrLine: {'line': b'   66 |     sl_u8 data[\x1b[01;35m\x1b[K0\x1b[m\x1b[K];\n'}
[4.438863] (rplidar_ros) StderrLine: {'line': b'      |                \x1b[01;35m\x1b[K^\x1b[m\x1b[K\n'}
[4.438976] (rplidar_ros) StderrLine: {'line': b'In file included from \x1b[01m\x1b[K/home/ty/rplidar_sdk/src/rplidar_ros/sdk/include/rplidar_cmd.h:36\x1b[m\x1b[K,\n'}
[4.439239] (rplidar_ros) StderrLine: {'line': b'                 from \x1b[01m\x1b[K/home/ty/rplidar_sdk/src/rplidar_ros/sdk/include/rplidar.h:40\x1b[m\x1b[K,\n'}
[4.439467] (rplidar_ros) StderrLine: {'line': b'                 from \x1b[01m\x1b[K/home/ty/rplidar_sdk/src/rplidar_ros/sdk/src/sdkcommon.h:49\x1b[m\x1b[K,\n'}
[4.439725] (rplidar_ros) StderrLine: {'line': b'                 from \x1b[01m\x1b[K/home/ty/rplidar_sdk/src/rplidar_ros/sdk/src/dataunpacker/dataunnpacker_commondef.h:41\x1b[m\x1b[K,\n'}
[4.439951] (rplidar_ros) StderrLine: {'line': b'                 from \x1b[01m\x1b[K/home/ty/rplidar_sdk/src/rplidar_ros/sdk/src/dataunpacker/dataunpacker.cpp:39\x1b[m\x1b[K:\n'}
[4.440187] (rplidar_ros) StderrLine: {'line': b'\x1b[01m\x1b[K/home/ty/rplidar_sdk/src/rplidar_ros/sdk/include/sl_lidar_cmd.h:324:20:\x1b[m\x1b[K \x1b[01;35m\x1b[Kwarning: \x1b[m\x1b[KISO C++ forbids zero-size array \xe2\x80\x98\x1b[01m\x1b[Kpayload\x1b[m\x1b[K\xe2\x80\x99 [\x1b[01;35m\x1b[K\x1b]8;;https://gcc.gnu.org/onlinedocs/gcc/Warning-Options.html#index-Wpedantic\x07-Wpedantic\x1b]8;;\x07\x1b[m\x1b[K]\n'}
[4.440410] (rplidar_ros) StderrLine: {'line': b'  324 |     sl_u8  payload[\x1b[01;35m\x1b[K0\x1b[m\x1b[K];\n'}
[4.440620] (rplidar_ros) StderrLine: {'line': b'      |                    \x1b[01;35m\x1b[K^\x1b[m\x1b[K\n'}
[4.517101] (-) TimerEvent: {}
[4.617840] (-) TimerEvent: {}
[4.718573] (-) TimerEvent: {}
[4.817038] (rplidar_ros) StderrLine: {'line': b'In file included from \x1b[01m\x1b[K/home/ty/rplidar_sdk/src/rplidar_ros/sdk/src/dataunpacker/dataunpacker.cpp:40\x1b[m\x1b[K:\n'}
[4.817690] (rplidar_ros) StderrLine: {'line': b'\x1b[01m\x1b[K/home/ty/rplidar_sdk/src/rplidar_ros/sdk/src/dataunpacker/dataunpacker.h:\x1b[m\x1b[K In member function \xe2\x80\x98\x1b[01m\x1b[Kvirtual void sl::internal::LIDARSampleDataListener::onCustomSampleDataDecoded(_u8, _u32, const void*, size_t)\x1b[m\x1b[K\xe2\x80\x99:\n'}
[4.818017] (rplidar_ros) StderrLine: {'line': b'\x1b[01m\x1b[K/home/ty/rplidar_sdk/src/rplidar_ros/sdk/src/dataunpacker/dataunpacker.h:54:52:\x1b[m\x1b[K \x1b[01;35m\x1b[Kwarning: \x1b[m\x1b[Kunused parameter \xe2\x80\x98\x1b[01m\x1b[KansType\x1b[m\x1b[K\xe2\x80\x99 [\x1b[01;35m\x1b[K\x1b]8;;https://gcc.gnu.org/onlinedocs/gcc/Warning-Options.html#index-Wunused-parameter\x07-Wunused-parameter\x1b]8;;\x07\x1b[m\x1b[K]\n'}
[4.818308] (rplidar_ros) StderrLine: {'line': b'   54 |         virtual void onCustomSampleDataDecoded(\x1b[01;35m\x1b[K_u8 ansType\x1b[m\x1b[K, _u32 customCode, const void* data, size_t size) {}\n'}
[4.818563] (rplidar_ros) StderrLine: {'line': b'      |                                                \x1b[01;35m\x1b[K~~~~^~~~~~~\x1b[m\x1b[K\n'}
[4.818718] (-) TimerEvent: {}
[4.819327] (rplidar_ros) StderrLine: {'line': b'\x1b[01m\x1b[K/home/ty/rplidar_sdk/src/rplidar_ros/sdk/src/dataunpacker/dataunpacker.h:54:66:\x1b[m\x1b[K \x1b[01;35m\x1b[Kwarning: \x1b[m\x1b[Kunused parameter \xe2\x80\x98\x1b[01m\x1b[KcustomCode\x1b[m\x1b[K\xe2\x80\x99 [\x1b[01;35m\x1b[K\x1b]8;;https://gcc.gnu.org/onlinedocs/gcc/Warning-Options.html#index-Wunused-parameter\x07-Wunused-parameter\x1b]8;;\x07\x1b[m\x1b[K]\n'}
[4.819696] (rplidar_ros) StderrLine: {'line': b'   54 |         virtual void onCustomSampleDataDecoded(_u8 ansType, \x1b[01;35m\x1b[K_u32 customCode\x1b[m\x1b[K, const void* data, size_t size) {}\n'}
[4.819961] (rplidar_ros) StderrLine: {'line': b'      |                                                             \x1b[01;35m\x1b[K~~~~~^~~~~~~~~~\x1b[m\x1b[K\n'}
[4.820282] (rplidar_ros) StderrLine: {'line': b'\x1b[01m\x1b[K/home/ty/rplidar_sdk/src/rplidar_ros/sdk/src/dataunpacker/dataunpacker.h:54:90:\x1b[m\x1b[K \x1b[01;35m\x1b[Kwarning: \x1b[m\x1b[Kunused parameter \xe2\x80\x98\x1b[01m\x1b[Kdata\x1b[m\x1b[K\xe2\x80\x99 [\x1b[01;35m\x1b[K\x1b]8;;https://gcc.gnu.org/onlinedocs/gcc/Warning-Options.html#index-Wunused-parameter\x07-Wunused-parameter\x1b]8;;\x07\x1b[m\x1b[K]\n'}
[4.820549] (rplidar_ros) StderrLine: {'line': b'   54 |         virtual void onCustomSampleDataDecoded(_u8 ansType, _u32 customCode, \x1b[01;35m\x1b[Kconst void* data\x1b[m\x1b[K, size_t size) {}\n'}
[4.820809] (rplidar_ros) StderrLine: {'line': b'      |                                                                              \x1b[01;35m\x1b[K~~~~~~~~~~~~^~~~\x1b[m\x1b[K\n'}
[4.821129] (rplidar_ros) StderrLine: {'line': b'\x1b[01m\x1b[K/home/ty/rplidar_sdk/src/rplidar_ros/sdk/src/dataunpacker/dataunpacker.h:54:103:\x1b[m\x1b[K \x1b[01;35m\x1b[Kwarning: \x1b[m\x1b[Kunused parameter \xe2\x80\x98\x1b[01m\x1b[Ksize\x1b[m\x1b[K\xe2\x80\x99 [\x1b[01;35m\x1b[K\x1b]8;;https://gcc.gnu.org/onlinedocs/gcc/Warning-Options.html#index-Wunused-parameter\x07-Wunused-parameter\x1b]8;;\x07\x1b[m\x1b[K]\n'}
[4.821395] (rplidar_ros) StderrLine: {'line': b'   54 |         virtual void onCustomSampleDataDecoded(_u8 ansType, _u32 customCode, const void* data, \x1b[01;35m\x1b[Ksize_t size\x1b[m\x1b[K) {}\n'}
[4.821621] (rplidar_ros) StderrLine: {'line': b'      |                                                                                                \x1b[01;35m\x1b[K~~~~~~~^~~~\x1b[m\x1b[K\n'}
[4.821996] (rplidar_ros) StderrLine: {'line': b'In file included from \x1b[01m\x1b[K/home/ty/rplidar_sdk/src/rplidar_ros/sdk/include/rplidar_protocol.h:36\x1b[m\x1b[K,\n'}
[4.822168] (rplidar_ros) StderrLine: {'line': b'                 from \x1b[01m\x1b[K/home/ty/rplidar_sdk/src/rplidar_ros/sdk/include/rplidar.h:39\x1b[m\x1b[K,\n'}
[4.822299] (rplidar_ros) StderrLine: {'line': b'                 from \x1b[01m\x1b[K/home/ty/rplidar_sdk/src/rplidar_ros/sdk/src/sdkcommon.h:49\x1b[m\x1b[K,\n'}
[4.822421] (rplidar_ros) StderrLine: {'line': b'                 from \x1b[01m\x1b[K/home/ty/rplidar_sdk/src/rplidar_ros/sdk/src/dataunpacker/unpacker/../dataunnpacker_commondef.h:41\x1b[m\x1b[K,\n'}
[4.822538] (rplidar_ros) StderrLine: {'line': b'                 from \x1b[01m\x1b[K/home/ty/rplidar_sdk/src/rplidar_ros/sdk/src/dataunpacker/unpacker/handler_capsules.cpp:39\x1b[m\x1b[K:\n'}
[4.822654] (rplidar_ros) StderrLine: {'line': b'\x1b[01m\x1b[K/home/ty/rplidar_sdk/src/rplidar_ros/sdk/include/sl_lidar_protocol.h:66:16:\x1b[m\x1b[K \x1b[01;35m\x1b[Kwarning: \x1b[m\x1b[KISO C++ forbids zero-size array \xe2\x80\x98\x1b[01m\x1b[Kdata\x1b[m\x1b[K\xe2\x80\x99 [\x1b[01;35m\x1b[K\x1b]8;;https://gcc.gnu.org/onlinedocs/gcc/Warning-Options.html#index-Wpedantic\x07-Wpedantic\x1b]8;;\x07\x1b[m\x1b[K]\n'}
[4.822777] (rplidar_ros) StderrLine: {'line': b'   66 |     sl_u8 data[\x1b[01;35m\x1b[K0\x1b[m\x1b[K];\n'}
[4.822914] (rplidar_ros) StderrLine: {'line': b'      |                \x1b[01;35m\x1b[K^\x1b[m\x1b[K\n'}
[4.823141] (rplidar_ros) StderrLine: {'line': b'In file included from \x1b[01m\x1b[K/home/ty/rplidar_sdk/src/rplidar_ros/sdk/include/rplidar_cmd.h:36\x1b[m\x1b[K,\n'}
[4.823263] (rplidar_ros) StderrLine: {'line': b'                 from \x1b[01m\x1b[K/home/ty/rplidar_sdk/src/rplidar_ros/sdk/include/rplidar.h:40\x1b[m\x1b[K,\n'}
[4.823403] (rplidar_ros) StderrLine: {'line': b'                 from \x1b[01m\x1b[K/home/ty/rplidar_sdk/src/rplidar_ros/sdk/src/sdkcommon.h:49\x1b[m\x1b[K,\n'}
[4.823548] (rplidar_ros) StderrLine: {'line': b'                 from \x1b[01m\x1b[K/home/ty/rplidar_sdk/src/rplidar_ros/sdk/src/dataunpacker/unpacker/../dataunnpacker_commondef.h:41\x1b[m\x1b[K,\n'}
[4.823670] (rplidar_ros) StderrLine: {'line': b'                 from \x1b[01m\x1b[K/home/ty/rplidar_sdk/src/rplidar_ros/sdk/src/dataunpacker/unpacker/handler_capsules.cpp:39\x1b[m\x1b[K:\n'}
[4.823801] (rplidar_ros) StderrLine: {'line': b'\x1b[01m\x1b[K/home/ty/rplidar_sdk/src/rplidar_ros/sdk/include/sl_lidar_cmd.h:324:20:\x1b[m\x1b[K \x1b[01;35m\x1b[Kwarning: \x1b[m\x1b[KISO C++ forbids zero-size array \xe2\x80\x98\x1b[01m\x1b[Kpayload\x1b[m\x1b[K\xe2\x80\x99 [\x1b[01;35m\x1b[K\x1b]8;;https://gcc.gnu.org/onlinedocs/gcc/Warning-Options.html#index-Wpedantic\x07-Wpedantic\x1b]8;;\x07\x1b[m\x1b[K]\n'}
[4.823927] (rplidar_ros) StderrLine: {'line': b'  324 |     sl_u8  payload[\x1b[01;35m\x1b[K0\x1b[m\x1b[K];\n'}
[4.824042] (rplidar_ros) StderrLine: {'line': b'      |                    \x1b[01;35m\x1b[K^\x1b[m\x1b[K\n'}
[4.824389] (rplidar_ros) StderrLine: {'line': b'\x1b[01m\x1b[K/home/ty/rplidar_sdk/src/rplidar_ros/sdk/src/dataunpacker/dataunpacker.h:\x1b[m\x1b[K In member function \xe2\x80\x98\x1b[01m\x1b[Kvirtual void sl::internal::LIDARSampleDataListener::onDecodingError(int, _u8, const void*, size_t)\x1b[m\x1b[K\xe2\x80\x99:\n'}
[4.824562] (rplidar_ros) StderrLine: {'line': b'\x1b[01m\x1b[K/home/ty/rplidar_sdk/src/rplidar_ros/sdk/src/dataunpacker/dataunpacker.h:56:42:\x1b[m\x1b[K \x1b[01;35m\x1b[Kwarning: \x1b[m\x1b[Kunused parameter \xe2\x80\x98\x1b[01m\x1b[KerrMsg\x1b[m\x1b[K\xe2\x80\x99 [\x1b[01;35m\x1b[K\x1b]8;;https://gcc.gnu.org/onlinedocs/gcc/Warning-Options.html#index-Wunused-parameter\x07-Wunused-parameter\x1b]8;;\x07\x1b[m\x1b[K]\n'}
[4.824719] (rplidar_ros) StderrLine: {'line': b'   56 |         virtual void onDecodingError(\x1b[01;35m\x1b[Kint errMsg\x1b[m\x1b[K, _u8 ansType, const void* payload, size_t size) {}\n'}
[4.825052] (rplidar_ros) StderrLine: {'line': b'      |                                      \x1b[01;35m\x1b[K~~~~^~~~~~\x1b[m\x1b[K\n'}
[4.825370] (rplidar_ros) StderrLine: {'line': b'\x1b[01m\x1b[K/home/ty/rplidar_sdk/src/rplidar_ros/sdk/src/dataunpacker/dataunpacker.h:56:54:\x1b[m\x1b[K \x1b[01;35m\x1b[Kwarning: \x1b[m\x1b[Kunused parameter \xe2\x80\x98\x1b[01m\x1b[KansType\x1b[m\x1b[K\xe2\x80\x99 [\x1b[01;35m\x1b[K\x1b]8;;https://gcc.gnu.org/onlinedocs/gcc/Warning-Options.html#index-Wunused-parameter\x07-Wunused-parameter\x1b]8;;\x07\x1b[m\x1b[K]\n'}
[4.825513] (rplidar_ros) StderrLine: {'line': b'   56 |         virtual void onDecodingError(int errMsg, \x1b[01;35m\x1b[K_u8 ansType\x1b[m\x1b[K, const void* payload, size_t size) {}\n'}
[4.825637] (rplidar_ros) StderrLine: {'line': b'      |                                                  \x1b[01;35m\x1b[K~~~~^~~~~~~\x1b[m\x1b[K\n'}
[4.825754] (rplidar_ros) StderrLine: {'line': b'\x1b[01m\x1b[K/home/ty/rplidar_sdk/src/rplidar_ros/sdk/src/dataunpacker/dataunpacker.h:56:75:\x1b[m\x1b[K \x1b[01;35m\x1b[Kwarning: \x1b[m\x1b[Kunused parameter \xe2\x80\x98\x1b[01m\x1b[Kpayload\x1b[m\x1b[K\xe2\x80\x99 [\x1b[01;35m\x1b[K\x1b]8;;https://gcc.gnu.org/onlinedocs/gcc/Warning-Options.html#index-Wunused-parameter\x07-Wunused-parameter\x1b]8;;\x07\x1b[m\x1b[K]\n'}
[4.825899] (rplidar_ros) StderrLine: {'line': b'   56 |         virtual void onDecodingError(int errMsg, _u8 ansType, \x1b[01;35m\x1b[Kconst void* payload\x1b[m\x1b[K, size_t size) {}\n'}
[4.826015] (rplidar_ros) StderrLine: {'line': b'      |                                                               \x1b[01;35m\x1b[K~~~~~~~~~~~~^~~~~~~\x1b[m\x1b[K\n'}
[4.826130] (rplidar_ros) StderrLine: {'line': b'\x1b[01m\x1b[K/home/ty/rplidar_sdk/src/rplidar_ros/sdk/src/dataunpacker/dataunpacker.h:56:91:\x1b[m\x1b[K \x1b[01;35m\x1b[Kwarning: \x1b[m\x1b[Kunused parameter \xe2\x80\x98\x1b[01m\x1b[Ksize\x1b[m\x1b[K\xe2\x80\x99 [\x1b[01;35m\x1b[K\x1b]8;;https://gcc.gnu.org/onlinedocs/gcc/Warning-Options.html#index-Wunused-parameter\x07-Wunused-parameter\x1b]8;;\x07\x1b[m\x1b[K]\n'}
[4.826269] (rplidar_ros) StderrLine: {'line': b'   56 |         virtual void onDecodingError(int errMsg, _u8 ansType, const void* payload, \x1b[01;35m\x1b[Ksize_t size\x1b[m\x1b[K) {}\n'}
[4.826382] (rplidar_ros) StderrLine: {'line': b'      |                                                                                    \x1b[01;35m\x1b[K~~~~~~~^~~~\x1b[m\x1b[K\n'}
[4.918976] (-) TimerEvent: {}
[4.973183] (rplidar_ros) StderrLine: {'line': b'In file included from \x1b[01m\x1b[K/home/ty/rplidar_sdk/src/rplidar_ros/sdk/include/rplidar_protocol.h:36\x1b[m\x1b[K,\n'}
[4.973696] (rplidar_ros) StderrLine: {'line': b'                 from \x1b[01m\x1b[K/home/ty/rplidar_sdk/src/rplidar_ros/sdk/include/rplidar.h:39\x1b[m\x1b[K,\n'}
[4.973887] (rplidar_ros) StderrLine: {'line': b'                 from \x1b[01m\x1b[K/home/ty/rplidar_sdk/src/rplidar_ros/sdk/src/sdkcommon.h:49\x1b[m\x1b[K,\n'}
[4.974030] (rplidar_ros) StderrLine: {'line': b'                 from \x1b[01m\x1b[K/home/ty/rplidar_sdk/src/rplidar_ros/sdk/src/dataunpacker/unpacker/../dataunnpacker_commondef.h:41\x1b[m\x1b[K,\n'}
[4.974161] (rplidar_ros) StderrLine: {'line': b'                 from \x1b[01m\x1b[K/home/ty/rplidar_sdk/src/rplidar_ros/sdk/src/dataunpacker/unpacker/handler_hqnode.cpp:39\x1b[m\x1b[K:\n'}
[4.974290] (rplidar_ros) StderrLine: {'line': b'\x1b[01m\x1b[K/home/ty/rplidar_sdk/src/rplidar_ros/sdk/include/sl_lidar_protocol.h:66:16:\x1b[m\x1b[K \x1b[01;35m\x1b[Kwarning: \x1b[m\x1b[KISO C++ forbids zero-size array \xe2\x80\x98\x1b[01m\x1b[Kdata\x1b[m\x1b[K\xe2\x80\x99 [\x1b[01;35m\x1b[K\x1b]8;;https://gcc.gnu.org/onlinedocs/gcc/Warning-Options.html#index-Wpedantic\x07-Wpedantic\x1b]8;;\x07\x1b[m\x1b[K]\n'}
[4.974442] (rplidar_ros) StderrLine: {'line': b'   66 |     sl_u8 data[\x1b[01;35m\x1b[K0\x1b[m\x1b[K];\n'}
[4.974562] (rplidar_ros) StderrLine: {'line': b'      |                \x1b[01;35m\x1b[K^\x1b[m\x1b[K\n'}
[4.974904] (rplidar_ros) StderrLine: {'line': b'In file included from \x1b[01m\x1b[K/home/ty/rplidar_sdk/src/rplidar_ros/sdk/include/rplidar_cmd.h:36\x1b[m\x1b[K,\n'}
[4.975075] (rplidar_ros) StderrLine: {'line': b'                 from \x1b[01m\x1b[K/home/ty/rplidar_sdk/src/rplidar_ros/sdk/include/rplidar.h:40\x1b[m\x1b[K,\n'}
[4.975203] (rplidar_ros) StderrLine: {'line': b'                 from \x1b[01m\x1b[K/home/ty/rplidar_sdk/src/rplidar_ros/sdk/src/sdkcommon.h:49\x1b[m\x1b[K,\n'}
[4.975362] (rplidar_ros) StderrLine: {'line': b'                 from \x1b[01m\x1b[K/home/ty/rplidar_sdk/src/rplidar_ros/sdk/src/dataunpacker/unpacker/../dataunnpacker_commondef.h:41\x1b[m\x1b[K,\n'}
[4.975512] (rplidar_ros) StderrLine: {'line': b'                 from \x1b[01m\x1b[K/home/ty/rplidar_sdk/src/rplidar_ros/sdk/src/dataunpacker/unpacker/handler_hqnode.cpp:39\x1b[m\x1b[K:\n'}
[4.975645] (rplidar_ros) StderrLine: {'line': b'\x1b[01m\x1b[K/home/ty/rplidar_sdk/src/rplidar_ros/sdk/include/sl_lidar_cmd.h:324:20:\x1b[m\x1b[K \x1b[01;35m\x1b[Kwarning: \x1b[m\x1b[KISO C++ forbids zero-size array \xe2\x80\x98\x1b[01m\x1b[Kpayload\x1b[m\x1b[K\xe2\x80\x99 [\x1b[01;35m\x1b[K\x1b]8;;https://gcc.gnu.org/onlinedocs/gcc/Warning-Options.html#index-Wpedantic\x07-Wpedantic\x1b]8;;\x07\x1b[m\x1b[K]\n'}
[4.975774] (rplidar_ros) StderrLine: {'line': b'  324 |     sl_u8  payload[\x1b[01;35m\x1b[K0\x1b[m\x1b[K];\n'}
[4.975888] (rplidar_ros) StderrLine: {'line': b'      |                    \x1b[01;35m\x1b[K^\x1b[m\x1b[K\n'}
[5.019213] (-) TimerEvent: {}
[5.119969] (-) TimerEvent: {}
[5.196239] (rplidar_ros) StderrLine: {'line': b'In file included from \x1b[01m\x1b[K/home/ty/rplidar_sdk/src/rplidar_ros/sdk/src/dataunpacker/unpacker/handler_capsules.cpp:40\x1b[m\x1b[K:\n'}
[5.196721] (rplidar_ros) StderrLine: {'line': b'\x1b[01m\x1b[K/home/ty/rplidar_sdk/src/rplidar_ros/sdk/src/dataunpacker/unpacker/../dataunpacker.h:\x1b[m\x1b[K In member function \xe2\x80\x98\x1b[01m\x1b[Kvirtual void sl::internal::LIDARSampleDataListener::onCustomSampleDataDecoded(_u8, _u32, const void*, size_t)\x1b[m\x1b[K\xe2\x80\x99:\n'}
[5.196959] (rplidar_ros) StderrLine: {'line': b'\x1b[01m\x1b[K/home/ty/rplidar_sdk/src/rplidar_ros/sdk/src/dataunpacker/unpacker/../dataunpacker.h:54:52:\x1b[m\x1b[K \x1b[01;35m\x1b[Kwarning: \x1b[m\x1b[Kunused parameter \xe2\x80\x98\x1b[01m\x1b[KansType\x1b[m\x1b[K\xe2\x80\x99 [\x1b[01;35m\x1b[K\x1b]8;;https://gcc.gnu.org/onlinedocs/gcc/Warning-Options.html#index-Wunused-parameter\x07-Wunused-parameter\x1b]8;;\x07\x1b[m\x1b[K]\n'}
[5.197114] (rplidar_ros) StderrLine: {'line': b'   54 |         virtual void onCustomSampleDataDecoded(\x1b[01;35m\x1b[K_u8 ansType\x1b[m\x1b[K, _u32 customCode, const void* data, size_t size) {}\n'}
[5.197249] (rplidar_ros) StderrLine: {'line': b'      |                                                \x1b[01;35m\x1b[K~~~~^~~~~~~\x1b[m\x1b[K\n'}
[5.197373] (rplidar_ros) StderrLine: {'line': b'\x1b[01m\x1b[K/home/ty/rplidar_sdk/src/rplidar_ros/sdk/src/dataunpacker/unpacker/../dataunpacker.h:54:66:\x1b[m\x1b[K \x1b[01;35m\x1b[Kwarning: \x1b[m\x1b[Kunused parameter \xe2\x80\x98\x1b[01m\x1b[KcustomCode\x1b[m\x1b[K\xe2\x80\x99 [\x1b[01;35m\x1b[K\x1b]8;;https://gcc.gnu.org/onlinedocs/gcc/Warning-Options.html#index-Wunused-parameter\x07-Wunused-parameter\x1b]8;;\x07\x1b[m\x1b[K]\n'}
[5.197497] (rplidar_ros) StderrLine: {'line': b'   54 |         virtual void onCustomSampleDataDecoded(_u8 ansType, \x1b[01;35m\x1b[K_u32 customCode\x1b[m\x1b[K, const void* data, size_t size) {}\n'}
[5.197614] (rplidar_ros) StderrLine: {'line': b'      |                                                             \x1b[01;35m\x1b[K~~~~~^~~~~~~~~~\x1b[m\x1b[K\n'}
[5.197754] (rplidar_ros) StderrLine: {'line': b'\x1b[01m\x1b[K/home/ty/rplidar_sdk/src/rplidar_ros/sdk/src/dataunpacker/unpacker/../dataunpacker.h:54:90:\x1b[m\x1b[K \x1b[01;35m\x1b[Kwarning: \x1b[m\x1b[Kunused parameter \xe2\x80\x98\x1b[01m\x1b[Kdata\x1b[m\x1b[K\xe2\x80\x99 [\x1b[01;35m\x1b[K\x1b]8;;https://gcc.gnu.org/onlinedocs/gcc/Warning-Options.html#index-Wunused-parameter\x07-Wunused-parameter\x1b]8;;\x07\x1b[m\x1b[K]\n'}
[5.197886] (rplidar_ros) StderrLine: {'line': b'   54 |         virtual void onCustomSampleDataDecoded(_u8 ansType, _u32 customCode, \x1b[01;35m\x1b[Kconst void* data\x1b[m\x1b[K, size_t size) {}\n'}
[5.198000] (rplidar_ros) StderrLine: {'line': b'      |                                                                              \x1b[01;35m\x1b[K~~~~~~~~~~~~^~~~\x1b[m\x1b[K\n'}
[5.198114] (rplidar_ros) StderrLine: {'line': b'\x1b[01m\x1b[K/home/ty/rplidar_sdk/src/rplidar_ros/sdk/src/dataunpacker/unpacker/../dataunpacker.h:54:103:\x1b[m\x1b[K \x1b[01;35m\x1b[Kwarning: \x1b[m\x1b[Kunused parameter \xe2\x80\x98\x1b[01m\x1b[Ksize\x1b[m\x1b[K\xe2\x80\x99 [\x1b[01;35m\x1b[K\x1b]8;;https://gcc.gnu.org/onlinedocs/gcc/Warning-Options.html#index-Wunused-parameter\x07-Wunused-parameter\x1b]8;;\x07\x1b[m\x1b[K]\n'}
[5.198231] (rplidar_ros) StderrLine: {'line': b'   54 |         virtual void onCustomSampleDataDecoded(_u8 ansType, _u32 customCode, const void* data, \x1b[01;35m\x1b[Ksize_t size\x1b[m\x1b[K) {}\n'}
[5.198356] (rplidar_ros) StderrLine: {'line': b'      |                                                                                                \x1b[01;35m\x1b[K~~~~~~~^~~~\x1b[m\x1b[K\n'}
[5.198470] (rplidar_ros) StderrLine: {'line': b'\x1b[01m\x1b[K/home/ty/rplidar_sdk/src/rplidar_ros/sdk/src/dataunpacker/unpacker/../dataunpacker.h:\x1b[m\x1b[K In member function \xe2\x80\x98\x1b[01m\x1b[Kvirtual void sl::internal::LIDARSampleDataListener::onDecodingError(int, _u8, const void*, size_t)\x1b[m\x1b[K\xe2\x80\x99:\n'}
[5.198589] (rplidar_ros) StderrLine: {'line': b'\x1b[01m\x1b[K/home/ty/rplidar_sdk/src/rplidar_ros/sdk/src/dataunpacker/unpacker/../dataunpacker.h:56:42:\x1b[m\x1b[K \x1b[01;35m\x1b[Kwarning: \x1b[m\x1b[Kunused parameter \xe2\x80\x98\x1b[01m\x1b[KerrMsg\x1b[m\x1b[K\xe2\x80\x99 [\x1b[01;35m\x1b[K\x1b]8;;https://gcc.gnu.org/onlinedocs/gcc/Warning-Options.html#index-Wunused-parameter\x07-Wunused-parameter\x1b]8;;\x07\x1b[m\x1b[K]\n'}
[5.198736] (rplidar_ros) StderrLine: {'line': b'   56 |         virtual void onDecodingError(\x1b[01;35m\x1b[Kint errMsg\x1b[m\x1b[K, _u8 ansType, const void* payload, size_t size) {}\n'}
[5.198864] (rplidar_ros) StderrLine: {'line': b'      |                                      \x1b[01;35m\x1b[K~~~~^~~~~~\x1b[m\x1b[K\n'}
[5.198980] (rplidar_ros) StderrLine: {'line': b'\x1b[01m\x1b[K/home/ty/rplidar_sdk/src/rplidar_ros/sdk/src/dataunpacker/unpacker/../dataunpacker.h:56:54:\x1b[m\x1b[K \x1b[01;35m\x1b[Kwarning: \x1b[m\x1b[Kunused parameter \xe2\x80\x98\x1b[01m\x1b[KansType\x1b[m\x1b[K\xe2\x80\x99 [\x1b[01;35m\x1b[K\x1b]8;;https://gcc.gnu.org/onlinedocs/gcc/Warning-Options.html#index-Wunused-parameter\x07-Wunused-parameter\x1b]8;;\x07\x1b[m\x1b[K]\n'}
[5.199096] (rplidar_ros) StderrLine: {'line': b'   56 |         virtual void onDecodingError(int errMsg, \x1b[01;35m\x1b[K_u8 ansType\x1b[m\x1b[K, const void* payload, size_t size) {}\n'}
[5.199207] (rplidar_ros) StderrLine: {'line': b'      |                                                  \x1b[01;35m\x1b[K~~~~^~~~~~~\x1b[m\x1b[K\n'}
[5.199317] (rplidar_ros) StderrLine: {'line': b'\x1b[01m\x1b[K/home/ty/rplidar_sdk/src/rplidar_ros/sdk/src/dataunpacker/unpacker/../dataunpacker.h:56:75:\x1b[m\x1b[K \x1b[01;35m\x1b[Kwarning: \x1b[m\x1b[Kunused parameter \xe2\x80\x98\x1b[01m\x1b[Kpayload\x1b[m\x1b[K\xe2\x80\x99 [\x1b[01;35m\x1b[K\x1b]8;;https://gcc.gnu.org/onlinedocs/gcc/Warning-Options.html#index-Wunused-parameter\x07-Wunused-parameter\x1b]8;;\x07\x1b[m\x1b[K]\n'}
[5.199429] (rplidar_ros) StderrLine: {'line': b'   56 |         virtual void onDecodingError(int errMsg, _u8 ansType, \x1b[01;35m\x1b[Kconst void* payload\x1b[m\x1b[K, size_t size) {}\n'}
[5.199645] (rplidar_ros) StderrLine: {'line': b'      |                                                               \x1b[01;35m\x1b[K~~~~~~~~~~~~^~~~~~~\x1b[m\x1b[K\n'}
[5.199797] (rplidar_ros) StderrLine: {'line': b'\x1b[01m\x1b[K/home/ty/rplidar_sdk/src/rplidar_ros/sdk/src/dataunpacker/unpacker/../dataunpacker.h:56:91:\x1b[m\x1b[K \x1b[01;35m\x1b[Kwarning: \x1b[m\x1b[Kunused parameter \xe2\x80\x98\x1b[01m\x1b[Ksize\x1b[m\x1b[K\xe2\x80\x99 [\x1b[01;35m\x1b[K\x1b]8;;https://gcc.gnu.org/onlinedocs/gcc/Warning-Options.html#index-Wunused-parameter\x07-Wunused-parameter\x1b]8;;\x07\x1b[m\x1b[K]\n'}
[5.199922] (rplidar_ros) StderrLine: {'line': b'   56 |         virtual void onDecodingError(int errMsg, _u8 ansType, const void* payload, \x1b[01;35m\x1b[Ksize_t size\x1b[m\x1b[K) {}\n'}
[5.200034] (rplidar_ros) StderrLine: {'line': b'      |                                                                                    \x1b[01;35m\x1b[K~~~~~~~^~~~\x1b[m\x1b[K\n'}
[5.220154] (-) TimerEvent: {}
[5.221378] (rplidar_ros) StderrLine: {'line': b'\x1b[01m\x1b[K/home/ty/rplidar_sdk/src/rplidar_ros/sdk/src/dataunpacker/unpacker/handler_capsules.cpp:\x1b[m\x1b[K In member function \xe2\x80\x98\x1b[01m\x1b[Kvoid sl::internal::unpacker::UnpackerHandler_DenseCapsuleNode::_onScanNodeDenseCapsuleData(rplidar_response_dense_capsule_measurement_nodes_t&, sl::internal::LIDARSampleDataUnpackerInner*)\x1b[m\x1b[K\xe2\x80\x99:\n'}
[5.221794] (rplidar_ros) StderrLine: {'line': b'\x1b[01m\x1b[K/home/ty/rplidar_sdk/src/rplidar_ros/sdk/src/dataunpacker/unpacker/handler_capsules.cpp:763:30:\x1b[m\x1b[K \x1b[01;35m\x1b[Kwarning: \x1b[m\x1b[Ktype qualifiers ignored on cast result type [\x1b[01;35m\x1b[K\x1b]8;;https://gcc.gnu.org/onlinedocs/gcc/Warning-Options.html#index-Wignored-qualifiers\x07-Wignored-qualifiers\x1b]8;;\x07\x1b[m\x1b[K]\n'}
[5.221996] (rplidar_ros) StderrLine: {'line': b'  763 |             const int dist = \x1b[01;35m\x1b[Kstatic_cast<const int>(_cached_previous_dense_capsuledata.cabins[pos].distance)\x1b[m\x1b[K;\n'}
[5.222139] (rplidar_ros) StderrLine: {'line': b'      |                              \x1b[01;35m\x1b[K^~~~~~~~~~~~~~~~~~~~~~~~~~~~~~~~~~~~~~~~~~~~~~~~~~~~~~~~~~~~~~~~~~~~~~~~~~~~~~~\x1b[m\x1b[K\n'}
[5.300419] (rplidar_ros) StdoutLine: {'line': b'[ 26%] \x1b[32mBuilding CXX object CMakeFiles/rplidar_node.dir/sdk/src/dataunpacker/unpacker/handler_normalnode.cpp.o\x1b[0m\n'}
[5.320357] (-) TimerEvent: {}
[5.357553] (rplidar_ros) StderrLine: {'line': b'In file included from \x1b[01m\x1b[K/home/ty/rplidar_sdk/src/rplidar_ros/sdk/src/dataunpacker/unpacker/handler_hqnode.cpp:40\x1b[m\x1b[K:\n'}
[5.358237] (rplidar_ros) StderrLine: {'line': b'\x1b[01m\x1b[K/home/ty/rplidar_sdk/src/rplidar_ros/sdk/src/dataunpacker/unpacker/../dataunpacker.h:\x1b[m\x1b[K In member function \xe2\x80\x98\x1b[01m\x1b[Kvirtual void sl::internal::LIDARSampleDataListener::onCustomSampleDataDecoded(_u8, _u32, const void*, size_t)\x1b[m\x1b[K\xe2\x80\x99:\n'}
[5.358575] (rplidar_ros) StderrLine: {'line': b'\x1b[01m\x1b[K/home/ty/rplidar_sdk/src/rplidar_ros/sdk/src/dataunpacker/unpacker/../dataunpacker.h:54:52:\x1b[m\x1b[K \x1b[01;35m\x1b[Kwarning: \x1b[m\x1b[Kunused parameter \xe2\x80\x98\x1b[01m\x1b[KansType\x1b[m\x1b[K\xe2\x80\x99 [\x1b[01;35m\x1b[K\x1b]8;;https://gcc.gnu.org/onlinedocs/gcc/Warning-Options.html#index-Wunused-parameter\x07-Wunused-parameter\x1b]8;;\x07\x1b[m\x1b[K]\n'}
[5.358850] (rplidar_ros) StderrLine: {'line': b'   54 |         virtual void onCustomSampleDataDecoded(\x1b[01;35m\x1b[K_u8 ansType\x1b[m\x1b[K, _u32 customCode, const void* data, size_t size) {}\n'}
[5.359094] (rplidar_ros) StderrLine: {'line': b'      |                                                \x1b[01;35m\x1b[K~~~~^~~~~~~\x1b[m\x1b[K\n'}
[5.359448] (rplidar_ros) StderrLine: {'line': b'\x1b[01m\x1b[K/home/ty/rplidar_sdk/src/rplidar_ros/sdk/src/dataunpacker/unpacker/../dataunpacker.h:54:66:\x1b[m\x1b[K \x1b[01;35m\x1b[Kwarning: \x1b[m\x1b[Kunused parameter \xe2\x80\x98\x1b[01m\x1b[KcustomCode\x1b[m\x1b[K\xe2\x80\x99 [\x1b[01;35m\x1b[K\x1b]8;;https://gcc.gnu.org/onlinedocs/gcc/Warning-Options.html#index-Wunused-parameter\x07-Wunused-parameter\x1b]8;;\x07\x1b[m\x1b[K]\n'}
[5.359803] (rplidar_ros) StderrLine: {'line': b'   54 |         virtual void onCustomSampleDataDecoded(_u8 ansType, \x1b[01;35m\x1b[K_u32 customCode\x1b[m\x1b[K, const void* data, size_t size) {}\n'}
[5.360049] (rplidar_ros) StderrLine: {'line': b'      |                                                             \x1b[01;35m\x1b[K~~~~~^~~~~~~~~~\x1b[m\x1b[K\n'}
[5.360374] (rplidar_ros) StderrLine: {'line': b'\x1b[01m\x1b[K/home/ty/rplidar_sdk/src/rplidar_ros/sdk/src/dataunpacker/unpacker/../dataunpacker.h:54:90:\x1b[m\x1b[K \x1b[01;35m\x1b[Kwarning: \x1b[m\x1b[Kunused parameter \xe2\x80\x98\x1b[01m\x1b[Kdata\x1b[m\x1b[K\xe2\x80\x99 [\x1b[01;35m\x1b[K\x1b]8;;https://gcc.gnu.org/onlinedocs/gcc/Warning-Options.html#index-Wunused-parameter\x07-Wunused-parameter\x1b]8;;\x07\x1b[m\x1b[K]\n'}
[5.360646] (rplidar_ros) StderrLine: {'line': b'   54 |         virtual void onCustomSampleDataDecoded(_u8 ansType, _u32 customCode, \x1b[01;35m\x1b[Kconst void* data\x1b[m\x1b[K, size_t size) {}\n'}
[5.360876] (rplidar_ros) StderrLine: {'line': b'      |                                                                              \x1b[01;35m\x1b[K~~~~~~~~~~~~^~~~\x1b[m\x1b[K\n'}
[5.361182] (rplidar_ros) StderrLine: {'line': b'\x1b[01m\x1b[K/home/ty/rplidar_sdk/src/rplidar_ros/sdk/src/dataunpacker/unpacker/../dataunpacker.h:54:103:\x1b[m\x1b[K \x1b[01;35m\x1b[Kwarning: \x1b[m\x1b[Kunused parameter \xe2\x80\x98\x1b[01m\x1b[Ksize\x1b[m\x1b[K\xe2\x80\x99 [\x1b[01;35m\x1b[K\x1b]8;;https://gcc.gnu.org/onlinedocs/gcc/Warning-Options.html#index-Wunused-parameter\x07-Wunused-parameter\x1b]8;;\x07\x1b[m\x1b[K]\n'}
[5.361442] (rplidar_ros) StderrLine: {'line': b'   54 |         virtual void onCustomSampleDataDecoded(_u8 ansType, _u32 customCode, const void* data, \x1b[01;35m\x1b[Ksize_t size\x1b[m\x1b[K) {}\n'}
[5.361679] (rplidar_ros) StderrLine: {'line': b'      |                                                                                                \x1b[01;35m\x1b[K~~~~~~~^~~~\x1b[m\x1b[K\n'}
[5.362094] (rplidar_ros) StderrLine: {'line': b'\x1b[01m\x1b[K/home/ty/rplidar_sdk/src/rplidar_ros/sdk/src/dataunpacker/unpacker/../dataunpacker.h:\x1b[m\x1b[K In member function \xe2\x80\x98\x1b[01m\x1b[Kvirtual void sl::internal::LIDARSampleDataListener::onDecodingError(int, _u8, const void*, size_t)\x1b[m\x1b[K\xe2\x80\x99:\n'}
[5.362409] (rplidar_ros) StderrLine: {'line': b'\x1b[01m\x1b[K/home/ty/rplidar_sdk/src/rplidar_ros/sdk/src/dataunpacker/unpacker/../dataunpacker.h:56:42:\x1b[m\x1b[K \x1b[01;35m\x1b[Kwarning: \x1b[m\x1b[Kunused parameter \xe2\x80\x98\x1b[01m\x1b[KerrMsg\x1b[m\x1b[K\xe2\x80\x99 [\x1b[01;35m\x1b[K\x1b]8;;https://gcc.gnu.org/onlinedocs/gcc/Warning-Options.html#index-Wunused-parameter\x07-Wunused-parameter\x1b]8;;\x07\x1b[m\x1b[K]\n'}
[5.362645] (rplidar_ros) StderrLine: {'line': b'   56 |         virtual void onDecodingError(\x1b[01;35m\x1b[Kint errMsg\x1b[m\x1b[K, _u8 ansType, const void* payload, size_t size) {}\n'}
[5.362874] (rplidar_ros) StderrLine: {'line': b'      |                                      \x1b[01;35m\x1b[K~~~~^~~~~~\x1b[m\x1b[K\n'}
[5.363170] (rplidar_ros) StderrLine: {'line': b'\x1b[01m\x1b[K/home/ty/rplidar_sdk/src/rplidar_ros/sdk/src/dataunpacker/unpacker/../dataunpacker.h:56:54:\x1b[m\x1b[K \x1b[01;35m\x1b[Kwarning: \x1b[m\x1b[Kunused parameter \xe2\x80\x98\x1b[01m\x1b[KansType\x1b[m\x1b[K\xe2\x80\x99 [\x1b[01;35m\x1b[K\x1b]8;;https://gcc.gnu.org/onlinedocs/gcc/Warning-Options.html#index-Wunused-parameter\x07-Wunused-parameter\x1b]8;;\x07\x1b[m\x1b[K]\n'}
[5.363428] (rplidar_ros) StderrLine: {'line': b'   56 |         virtual void onDecodingError(int errMsg, \x1b[01;35m\x1b[K_u8 ansType\x1b[m\x1b[K, const void* payload, size_t size) {}\n'}
[5.363755] (rplidar_ros) StderrLine: {'line': b'      |                                                  \x1b[01;35m\x1b[K~~~~^~~~~~~\x1b[m\x1b[K\n'}
[5.364070] (rplidar_ros) StderrLine: {'line': b'\x1b[01m\x1b[K/home/ty/rplidar_sdk/src/rplidar_ros/sdk/src/dataunpacker/unpacker/../dataunpacker.h:56:75:\x1b[m\x1b[K \x1b[01;35m\x1b[Kwarning: \x1b[m\x1b[Kunused parameter \xe2\x80\x98\x1b[01m\x1b[Kpayload\x1b[m\x1b[K\xe2\x80\x99 [\x1b[01;35m\x1b[K\x1b]8;;https://gcc.gnu.org/onlinedocs/gcc/Warning-Options.html#index-Wunused-parameter\x07-Wunused-parameter\x1b]8;;\x07\x1b[m\x1b[K]\n'}
[5.364354] (rplidar_ros) StderrLine: {'line': b'   56 |         virtual void onDecodingError(int errMsg, _u8 ansType, \x1b[01;35m\x1b[Kconst void* payload\x1b[m\x1b[K, size_t size) {}\n'}
[5.364590] (rplidar_ros) StderrLine: {'line': b'      |                                                               \x1b[01;35m\x1b[K~~~~~~~~~~~~^~~~~~~\x1b[m\x1b[K\n'}
[5.364903] (rplidar_ros) StderrLine: {'line': b'\x1b[01m\x1b[K/home/ty/rplidar_sdk/src/rplidar_ros/sdk/src/dataunpacker/unpacker/../dataunpacker.h:56:91:\x1b[m\x1b[K \x1b[01;35m\x1b[Kwarning: \x1b[m\x1b[Kunused parameter \xe2\x80\x98\x1b[01m\x1b[Ksize\x1b[m\x1b[K\xe2\x80\x99 [\x1b[01;35m\x1b[K\x1b]8;;https://gcc.gnu.org/onlinedocs/gcc/Warning-Options.html#index-Wunused-parameter\x07-Wunused-parameter\x1b]8;;\x07\x1b[m\x1b[K]\n'}
[5.365174] (rplidar_ros) StderrLine: {'line': b'   56 |         virtual void onDecodingError(int errMsg, _u8 ansType, const void* payload, \x1b[01;35m\x1b[Ksize_t size\x1b[m\x1b[K) {}\n'}
[5.365414] (rplidar_ros) StderrLine: {'line': b'      |                                                                                    \x1b[01;35m\x1b[K~~~~~~~^~~~\x1b[m\x1b[K\n'}
[5.420549] (-) TimerEvent: {}
[5.521295] (-) TimerEvent: {}
[5.561148] (rplidar_ros) StdoutLine: {'line': b'[ 28%] \x1b[32mBuilding CXX object CMakeFiles/rplidar_node.dir/sdk/src/hal/thread.cpp.o\x1b[0m\n'}
[5.621486] (-) TimerEvent: {}
[5.659425] (rplidar_ros) StdoutLine: {'line': b'[ 31%] \x1b[32mBuilding CXX object CMakeFiles/rplidar_node.dir/sdk/src/rplidar_driver.cpp.o\x1b[0m\n'}
[5.721691] (-) TimerEvent: {}
[5.822422] (-) TimerEvent: {}
[5.923146] (-) TimerEvent: {}
[6.023883] (-) TimerEvent: {}
[6.088456] (rplidar_ros) StderrLine: {'line': b'In file included from \x1b[01m\x1b[K/home/ty/rplidar_sdk/src/rplidar_ros/sdk/include/rplidar_protocol.h:36\x1b[m\x1b[K,\n'}
[6.088938] (rplidar_ros) StderrLine: {'line': b'                 from \x1b[01m\x1b[K/home/ty/rplidar_sdk/src/rplidar_ros/sdk/include/rplidar.h:39\x1b[m\x1b[K,\n'}
[6.089151] (rplidar_ros) StderrLine: {'line': b'                 from \x1b[01m\x1b[K/home/ty/rplidar_sdk/src/rplidar_ros/sdk/src/sdkcommon.h:49\x1b[m\x1b[K,\n'}
[6.089294] (rplidar_ros) StderrLine: {'line': b'                 from \x1b[01m\x1b[K/home/ty/rplidar_sdk/src/rplidar_ros/sdk/src/dataunpacker/unpacker/../dataunnpacker_commondef.h:41\x1b[m\x1b[K,\n'}
[6.089428] (rplidar_ros) StderrLine: {'line': b'                 from \x1b[01m\x1b[K/home/ty/rplidar_sdk/src/rplidar_ros/sdk/src/dataunpacker/unpacker/handler_normalnode.cpp:39\x1b[m\x1b[K:\n'}
[6.089555] (rplidar_ros) StderrLine: {'line': b'\x1b[01m\x1b[K/home/ty/rplidar_sdk/src/rplidar_ros/sdk/include/sl_lidar_protocol.h:66:16:\x1b[m\x1b[K \x1b[01;35m\x1b[Kwarning: \x1b[m\x1b[KISO C++ forbids zero-size array \xe2\x80\x98\x1b[01m\x1b[Kdata\x1b[m\x1b[K\xe2\x80\x99 [\x1b[01;35m\x1b[K\x1b]8;;https://gcc.gnu.org/onlinedocs/gcc/Warning-Options.html#index-Wpedantic\x07-Wpedantic\x1b]8;;\x07\x1b[m\x1b[K]\n'}
[6.089694] (rplidar_ros) StderrLine: {'line': b'   66 |     sl_u8 data[\x1b[01;35m\x1b[K0\x1b[m\x1b[K];\n'}
[6.089815] (rplidar_ros) StderrLine: {'line': b'      |                \x1b[01;35m\x1b[K^\x1b[m\x1b[K\n'}
[6.090111] (rplidar_ros) StderrLine: {'line': b'In file included from \x1b[01m\x1b[K/home/ty/rplidar_sdk/src/rplidar_ros/sdk/include/rplidar_cmd.h:36\x1b[m\x1b[K,\n'}
[6.090264] (rplidar_ros) StderrLine: {'line': b'                 from \x1b[01m\x1b[K/home/ty/rplidar_sdk/src/rplidar_ros/sdk/include/rplidar.h:40\x1b[m\x1b[K,\n'}
[6.090388] (rplidar_ros) StderrLine: {'line': b'                 from \x1b[01m\x1b[K/home/ty/rplidar_sdk/src/rplidar_ros/sdk/src/sdkcommon.h:49\x1b[m\x1b[K,\n'}
[6.090505] (rplidar_ros) StderrLine: {'line': b'                 from \x1b[01m\x1b[K/home/ty/rplidar_sdk/src/rplidar_ros/sdk/src/dataunpacker/unpacker/../dataunnpacker_commondef.h:41\x1b[m\x1b[K,\n'}
[6.090621] (rplidar_ros) StderrLine: {'line': b'                 from \x1b[01m\x1b[K/home/ty/rplidar_sdk/src/rplidar_ros/sdk/src/dataunpacker/unpacker/handler_normalnode.cpp:39\x1b[m\x1b[K:\n'}
[6.090734] (rplidar_ros) StderrLine: {'line': b'\x1b[01m\x1b[K/home/ty/rplidar_sdk/src/rplidar_ros/sdk/include/sl_lidar_cmd.h:324:20:\x1b[m\x1b[K \x1b[01;35m\x1b[Kwarning: \x1b[m\x1b[KISO C++ forbids zero-size array \xe2\x80\x98\x1b[01m\x1b[Kpayload\x1b[m\x1b[K\xe2\x80\x99 [\x1b[01;35m\x1b[K\x1b]8;;https://gcc.gnu.org/onlinedocs/gcc/Warning-Options.html#index-Wpedantic\x07-Wpedantic\x1b]8;;\x07\x1b[m\x1b[K]\n'}
[6.090892] (rplidar_ros) StderrLine: {'line': b'  324 |     sl_u8  payload[\x1b[01;35m\x1b[K0\x1b[m\x1b[K];\n'}
[6.091008] (rplidar_ros) StderrLine: {'line': b'      |                    \x1b[01;35m\x1b[K^\x1b[m\x1b[K\n'}
[6.124083] (-) TimerEvent: {}
[6.224861] (-) TimerEvent: {}
[6.325635] (-) TimerEvent: {}
[6.327918] (rplidar_ros) StderrLine: {'line': b'In file included from \x1b[01m\x1b[K/home/ty/rplidar_sdk/src/rplidar_ros/sdk/include/rplidar_protocol.h:36\x1b[m\x1b[K,\n'}
[6.328479] (rplidar_ros) StderrLine: {'line': b'                 from \x1b[01m\x1b[K/home/ty/rplidar_sdk/src/rplidar_ros/sdk/include/rplidar.h:39\x1b[m\x1b[K,\n'}
[6.328743] (rplidar_ros) StderrLine: {'line': b'                 from \x1b[01m\x1b[K/home/ty/rplidar_sdk/src/rplidar_ros/sdk/src/sdkcommon.h:49\x1b[m\x1b[K,\n'}
[6.328980] (rplidar_ros) StderrLine: {'line': b'                 from \x1b[01m\x1b[K/home/ty/rplidar_sdk/src/rplidar_ros/sdk/src/hal/thread.cpp:35\x1b[m\x1b[K:\n'}
[6.329234] (rplidar_ros) StderrLine: {'line': b'\x1b[01m\x1b[K/home/ty/rplidar_sdk/src/rplidar_ros/sdk/include/sl_lidar_protocol.h:66:16:\x1b[m\x1b[K \x1b[01;35m\x1b[Kwarning: \x1b[m\x1b[KISO C++ forbids zero-size array \xe2\x80\x98\x1b[01m\x1b[Kdata\x1b[m\x1b[K\xe2\x80\x99 [\x1b[01;35m\x1b[K\x1b]8;;https://gcc.gnu.org/onlinedocs/gcc/Warning-Options.html#index-Wpedantic\x07-Wpedantic\x1b]8;;\x07\x1b[m\x1b[K]\n'}
[6.329480] (rplidar_ros) StderrLine: {'line': b'   66 |     sl_u8 data[\x1b[01;35m\x1b[K0\x1b[m\x1b[K];\n'}
[6.329714] (rplidar_ros) StderrLine: {'line': b'      |                \x1b[01;35m\x1b[K^\x1b[m\x1b[K\n'}
[6.331069] (rplidar_ros) StderrLine: {'line': b'In file included from \x1b[01m\x1b[K/home/ty/rplidar_sdk/src/rplidar_ros/sdk/include/rplidar_cmd.h:36\x1b[m\x1b[K,\n'}
[6.331384] (rplidar_ros) StderrLine: {'line': b'                 from \x1b[01m\x1b[K/home/ty/rplidar_sdk/src/rplidar_ros/sdk/include/rplidar.h:40\x1b[m\x1b[K,\n'}
[6.331684] (rplidar_ros) StderrLine: {'line': b'                 from \x1b[01m\x1b[K/home/ty/rplidar_sdk/src/rplidar_ros/sdk/src/sdkcommon.h:49\x1b[m\x1b[K,\n'}
[6.331935] (rplidar_ros) StderrLine: {'line': b'                 from \x1b[01m\x1b[K/home/ty/rplidar_sdk/src/rplidar_ros/sdk/src/hal/thread.cpp:35\x1b[m\x1b[K:\n'}
[6.332188] (rplidar_ros) StderrLine: {'line': b'\x1b[01m\x1b[K/home/ty/rplidar_sdk/src/rplidar_ros/sdk/include/sl_lidar_cmd.h:324:20:\x1b[m\x1b[K \x1b[01;35m\x1b[Kwarning: \x1b[m\x1b[KISO C++ forbids zero-size array \xe2\x80\x98\x1b[01m\x1b[Kpayload\x1b[m\x1b[K\xe2\x80\x99 [\x1b[01;35m\x1b[K\x1b]8;;https://gcc.gnu.org/onlinedocs/gcc/Warning-Options.html#index-Wpedantic\x07-Wpedantic\x1b]8;;\x07\x1b[m\x1b[K]\n'}
[6.332425] (rplidar_ros) StderrLine: {'line': b'  324 |     sl_u8  payload[\x1b[01;35m\x1b[K0\x1b[m\x1b[K];\n'}
[6.332659] (rplidar_ros) StderrLine: {'line': b'      |                    \x1b[01;35m\x1b[K^\x1b[m\x1b[K\n'}
[6.425848] (-) TimerEvent: {}
[6.426919] (rplidar_ros) StderrLine: {'line': b'In file included from \x1b[01m\x1b[K/home/ty/rplidar_sdk/src/rplidar_ros/sdk/src/hal/thread.cpp:43\x1b[m\x1b[K:\n'}
[6.427382] (rplidar_ros) StderrLine: {'line': b'\x1b[01m\x1b[K/home/ty/rplidar_sdk/src/rplidar_ros/sdk/src/arch/linux/thread.hpp:\x1b[m\x1b[K In static member function \xe2\x80\x98\x1b[01m\x1b[Kstatic rp::hal::Thread rp::hal::Thread::create(thread_proc_t, void*)\x1b[m\x1b[K\xe2\x80\x99:\n'}
[6.427758] (rplidar_ros) StderrLine: {'line': b'\x1b[01m\x1b[K/home/ty/rplidar_sdk/src/rplidar_ros/sdk/src/arch/linux/thread.hpp:52:57:\x1b[m\x1b[K \x1b[01;35m\x1b[Kwarning: \x1b[m\x1b[Kcast between incompatible function types from \xe2\x80\x98\x1b[01m\x1b[Kthread_proc_t\x1b[m\x1b[K\xe2\x80\x99 {aka \xe2\x80\x98\x1b[01m\x1b[Klong unsigned int (*)(void*)\x1b[m\x1b[K\xe2\x80\x99} to \xe2\x80\x98\x1b[01m\x1b[Kvoid* (*)(void*)\x1b[m\x1b[K\xe2\x80\x99 [\x1b[01;35m\x1b[K\x1b]8;;https://gcc.gnu.org/onlinedocs/gcc/Warning-Options.html#index-Wcast-function-type\x07-Wcast-function-type\x1b]8;;\x07\x1b[m\x1b[K]\n'}
[6.428015] (rplidar_ros) StderrLine: {'line': b'   52 |     pthread_create((pthread_t *)&newborn._handle, NULL, \x1b[01;35m\x1b[K(void * (*)(void *))proc\x1b[m\x1b[K, data);\n'}
[6.428255] (rplidar_ros) StderrLine: {'line': b'      |                                                         \x1b[01;35m\x1b[K^~~~~~~~~~~~~~~~~~~~~~~~\x1b[m\x1b[K\n'}
[6.430402] (rplidar_ros) StderrLine: {'line': b'\x1b[01m\x1b[K/home/ty/rplidar_sdk/src/rplidar_ros/sdk/src/arch/linux/thread.hpp:\x1b[m\x1b[K In member function \xe2\x80\x98\x1b[01m\x1b[Ku_result rp::hal::Thread::join(long unsigned int)\x1b[m\x1b[K\xe2\x80\x99:\n'}
[6.430850] (rplidar_ros) StderrLine: {'line': b'\x1b[01m\x1b[K/home/ty/rplidar_sdk/src/rplidar_ros/sdk/src/arch/linux/thread.hpp:176:37:\x1b[m\x1b[K \x1b[01;35m\x1b[Kwarning: \x1b[m\x1b[Kunused parameter \xe2\x80\x98\x1b[01m\x1b[Ktimeout\x1b[m\x1b[K\xe2\x80\x99 [\x1b[01;35m\x1b[K\x1b]8;;https://gcc.gnu.org/onlinedocs/gcc/Warning-Options.html#index-Wunused-parameter\x07-Wunused-parameter\x1b]8;;\x07\x1b[m\x1b[K]\n'}
[6.431126] (rplidar_ros) StderrLine: {'line': b'  176 | u_result Thread::join(\x1b[01;35m\x1b[Kunsigned long timeout\x1b[m\x1b[K)\n'}
[6.431370] (rplidar_ros) StderrLine: {'line': b'      |                       \x1b[01;35m\x1b[K~~~~~~~~~~~~~~^~~~~~~\x1b[m\x1b[K\n'}
[6.454907] (rplidar_ros) StderrLine: {'line': b'In file included from \x1b[01m\x1b[K/home/ty/rplidar_sdk/src/rplidar_ros/sdk/src/dataunpacker/unpacker/handler_normalnode.cpp:40\x1b[m\x1b[K:\n'}
[6.455649] (rplidar_ros) StderrLine: {'line': b'\x1b[01m\x1b[K/home/ty/rplidar_sdk/src/rplidar_ros/sdk/src/dataunpacker/unpacker/../dataunpacker.h:\x1b[m\x1b[K In member function \xe2\x80\x98\x1b[01m\x1b[Kvirtual void sl::internal::LIDARSampleDataListener::onCustomSampleDataDecoded(_u8, _u32, const void*, size_t)\x1b[m\x1b[K\xe2\x80\x99:\n'}
[6.456039] (rplidar_ros) StderrLine: {'line': b'\x1b[01m\x1b[K/home/ty/rplidar_sdk/src/rplidar_ros/sdk/src/dataunpacker/unpacker/../dataunpacker.h:54:52:\x1b[m\x1b[K \x1b[01;35m\x1b[Kwarning: \x1b[m\x1b[Kunused parameter \xe2\x80\x98\x1b[01m\x1b[KansType\x1b[m\x1b[K\xe2\x80\x99 [\x1b[01;35m\x1b[K\x1b]8;;https://gcc.gnu.org/onlinedocs/gcc/Warning-Options.html#index-Wunused-parameter\x07-Wunused-parameter\x1b]8;;\x07\x1b[m\x1b[K]\n'}
[6.456319] (rplidar_ros) StderrLine: {'line': b'   54 |         virtual void onCustomSampleDataDecoded(\x1b[01;35m\x1b[K_u8 ansType\x1b[m\x1b[K, _u32 customCode, const void* data, size_t size) {}\n'}
[6.456565] (rplidar_ros) StderrLine: {'line': b'      |                                                \x1b[01;35m\x1b[K~~~~^~~~~~~\x1b[m\x1b[K\n'}
[6.456948] (rplidar_ros) StderrLine: {'line': b'\x1b[01m\x1b[K/home/ty/rplidar_sdk/src/rplidar_ros/sdk/src/dataunpacker/unpacker/../dataunpacker.h:54:66:\x1b[m\x1b[K \x1b[01;35m\x1b[Kwarning: \x1b[m\x1b[Kunused parameter \xe2\x80\x98\x1b[01m\x1b[KcustomCode\x1b[m\x1b[K\xe2\x80\x99 [\x1b[01;35m\x1b[K\x1b]8;;https://gcc.gnu.org/onlinedocs/gcc/Warning-Options.html#index-Wunused-parameter\x07-Wunused-parameter\x1b]8;;\x07\x1b[m\x1b[K]\n'}
[6.457224] (rplidar_ros) StderrLine: {'line': b'   54 |         virtual void onCustomSampleDataDecoded(_u8 ansType, \x1b[01;35m\x1b[K_u32 customCode\x1b[m\x1b[K, const void* data, size_t size) {}\n'}
[6.457468] (rplidar_ros) StderrLine: {'line': b'      |                                                             \x1b[01;35m\x1b[K~~~~~^~~~~~~~~~\x1b[m\x1b[K\n'}
[6.457780] (rplidar_ros) StderrLine: {'line': b'\x1b[01m\x1b[K/home/ty/rplidar_sdk/src/rplidar_ros/sdk/src/dataunpacker/unpacker/../dataunpacker.h:54:90:\x1b[m\x1b[K \x1b[01;35m\x1b[Kwarning: \x1b[m\x1b[Kunused parameter \xe2\x80\x98\x1b[01m\x1b[Kdata\x1b[m\x1b[K\xe2\x80\x99 [\x1b[01;35m\x1b[K\x1b]8;;https://gcc.gnu.org/onlinedocs/gcc/Warning-Options.html#index-Wunused-parameter\x07-Wunused-parameter\x1b]8;;\x07\x1b[m\x1b[K]\n'}
[6.458072] (rplidar_ros) StderrLine: {'line': b'   54 |         virtual void onCustomSampleDataDecoded(_u8 ansType, _u32 customCode, \x1b[01;35m\x1b[Kconst void* data\x1b[m\x1b[K, size_t size) {}\n'}
[6.458310] (rplidar_ros) StderrLine: {'line': b'      |                                                                              \x1b[01;35m\x1b[K~~~~~~~~~~~~^~~~\x1b[m\x1b[K\n'}
[6.458621] (rplidar_ros) StderrLine: {'line': b'\x1b[01m\x1b[K/home/ty/rplidar_sdk/src/rplidar_ros/sdk/src/dataunpacker/unpacker/../dataunpacker.h:54:103:\x1b[m\x1b[K \x1b[01;35m\x1b[Kwarning: \x1b[m\x1b[Kunused parameter \xe2\x80\x98\x1b[01m\x1b[Ksize\x1b[m\x1b[K\xe2\x80\x99 [\x1b[01;35m\x1b[K\x1b]8;;https://gcc.gnu.org/onlinedocs/gcc/Warning-Options.html#index-Wunused-parameter\x07-Wunused-parameter\x1b]8;;\x07\x1b[m\x1b[K]\n'}
[6.458877] (rplidar_ros) StderrLine: {'line': b'   54 |         virtual void onCustomSampleDataDecoded(_u8 ansType, _u32 customCode, const void* data, \x1b[01;35m\x1b[Ksize_t size\x1b[m\x1b[K) {}\n'}
[6.459103] (rplidar_ros) StderrLine: {'line': b'      |                                                                                                \x1b[01;35m\x1b[K~~~~~~~^~~~\x1b[m\x1b[K\n'}
[6.459471] (rplidar_ros) StderrLine: {'line': b'\x1b[01m\x1b[K/home/ty/rplidar_sdk/src/rplidar_ros/sdk/src/dataunpacker/unpacker/../dataunpacker.h:\x1b[m\x1b[K In member function \xe2\x80\x98\x1b[01m\x1b[Kvirtual void sl::internal::LIDARSampleDataListener::onDecodingError(int, _u8, const void*, size_t)\x1b[m\x1b[K\xe2\x80\x99:\n'}
[6.459808] (rplidar_ros) StderrLine: {'line': b'\x1b[01m\x1b[K/home/ty/rplidar_sdk/src/rplidar_ros/sdk/src/dataunpacker/unpacker/../dataunpacker.h:56:42:\x1b[m\x1b[K \x1b[01;35m\x1b[Kwarning: \x1b[m\x1b[Kunused parameter \xe2\x80\x98\x1b[01m\x1b[KerrMsg\x1b[m\x1b[K\xe2\x80\x99 [\x1b[01;35m\x1b[K\x1b]8;;https://gcc.gnu.org/onlinedocs/gcc/Warning-Options.html#index-Wunused-parameter\x07-Wunused-parameter\x1b]8;;\x07\x1b[m\x1b[K]\n'}
[6.460068] (rplidar_ros) StderrLine: {'line': b'   56 |         virtual void onDecodingError(\x1b[01;35m\x1b[Kint errMsg\x1b[m\x1b[K, _u8 ansType, const void* payload, size_t size) {}\n'}
[6.460290] (rplidar_ros) StderrLine: {'line': b'      |                                      \x1b[01;35m\x1b[K~~~~^~~~~~\x1b[m\x1b[K\n'}
[6.460591] (rplidar_ros) StderrLine: {'line': b'\x1b[01m\x1b[K/home/ty/rplidar_sdk/src/rplidar_ros/sdk/src/dataunpacker/unpacker/../dataunpacker.h:56:54:\x1b[m\x1b[K \x1b[01;35m\x1b[Kwarning: \x1b[m\x1b[Kunused parameter \xe2\x80\x98\x1b[01m\x1b[KansType\x1b[m\x1b[K\xe2\x80\x99 [\x1b[01;35m\x1b[K\x1b]8;;https://gcc.gnu.org/onlinedocs/gcc/Warning-Options.html#index-Wunused-parameter\x07-Wunused-parameter\x1b]8;;\x07\x1b[m\x1b[K]\n'}
[6.460845] (rplidar_ros) StderrLine: {'line': b'   56 |         virtual void onDecodingError(int errMsg, \x1b[01;35m\x1b[K_u8 ansType\x1b[m\x1b[K, const void* payload, size_t size) {}\n'}
[6.461078] (rplidar_ros) StderrLine: {'line': b'      |                                                  \x1b[01;35m\x1b[K~~~~^~~~~~~\x1b[m\x1b[K\n'}
[6.461368] (rplidar_ros) StderrLine: {'line': b'\x1b[01m\x1b[K/home/ty/rplidar_sdk/src/rplidar_ros/sdk/src/dataunpacker/unpacker/../dataunpacker.h:56:75:\x1b[m\x1b[K \x1b[01;35m\x1b[Kwarning: \x1b[m\x1b[Kunused parameter \xe2\x80\x98\x1b[01m\x1b[Kpayload\x1b[m\x1b[K\xe2\x80\x99 [\x1b[01;35m\x1b[K\x1b]8;;https://gcc.gnu.org/onlinedocs/gcc/Warning-Options.html#index-Wunused-parameter\x07-Wunused-parameter\x1b]8;;\x07\x1b[m\x1b[K]\n'}
[6.461634] (rplidar_ros) StderrLine: {'line': b'   56 |         virtual void onDecodingError(int errMsg, _u8 ansType, \x1b[01;35m\x1b[Kconst void* payload\x1b[m\x1b[K, size_t size) {}\n'}
[6.461872] (rplidar_ros) StderrLine: {'line': b'      |                                                               \x1b[01;35m\x1b[K~~~~~~~~~~~~^~~~~~~\x1b[m\x1b[K\n'}
[6.462167] (rplidar_ros) StderrLine: {'line': b'\x1b[01m\x1b[K/home/ty/rplidar_sdk/src/rplidar_ros/sdk/src/dataunpacker/unpacker/../dataunpacker.h:56:91:\x1b[m\x1b[K \x1b[01;35m\x1b[Kwarning: \x1b[m\x1b[Kunused parameter \xe2\x80\x98\x1b[01m\x1b[Ksize\x1b[m\x1b[K\xe2\x80\x99 [\x1b[01;35m\x1b[K\x1b]8;;https://gcc.gnu.org/onlinedocs/gcc/Warning-Options.html#index-Wunused-parameter\x07-Wunused-parameter\x1b]8;;\x07\x1b[m\x1b[K]\n'}
[6.462419] (rplidar_ros) StderrLine: {'line': b'   56 |         virtual void onDecodingError(int errMsg, _u8 ansType, const void* payload, \x1b[01;35m\x1b[Ksize_t size\x1b[m\x1b[K) {}\n'}
[6.462647] (rplidar_ros) StderrLine: {'line': b'      |                                                                                    \x1b[01;35m\x1b[K~~~~~~~^~~~\x1b[m\x1b[K\n'}
[6.502887] (rplidar_ros) StderrLine: {'line': b'In file included from \x1b[01m\x1b[K/home/ty/rplidar_sdk/src/rplidar_ros/sdk/include/rplidar_protocol.h:36\x1b[m\x1b[K,\n'}
[6.503429] (rplidar_ros) StderrLine: {'line': b'                 from \x1b[01m\x1b[K/home/ty/rplidar_sdk/src/rplidar_ros/sdk/include/rplidar.h:39\x1b[m\x1b[K,\n'}
[6.503656] (rplidar_ros) StderrLine: {'line': b'                 from \x1b[01m\x1b[K/home/ty/rplidar_sdk/src/rplidar_ros/sdk/src/sdkcommon.h:49\x1b[m\x1b[K,\n'}
[6.503804] (rplidar_ros) StderrLine: {'line': b'                 from \x1b[01m\x1b[K/home/ty/rplidar_sdk/src/rplidar_ros/sdk/src/rplidar_driver.cpp:33\x1b[m\x1b[K:\n'}
[6.503936] (rplidar_ros) StderrLine: {'line': b'\x1b[01m\x1b[K/home/ty/rplidar_sdk/src/rplidar_ros/sdk/include/sl_lidar_protocol.h:66:16:\x1b[m\x1b[K \x1b[01;35m\x1b[Kwarning: \x1b[m\x1b[KISO C++ forbids zero-size array \xe2\x80\x98\x1b[01m\x1b[Kdata\x1b[m\x1b[K\xe2\x80\x99 [\x1b[01;35m\x1b[K\x1b]8;;https://gcc.gnu.org/onlinedocs/gcc/Warning-Options.html#index-Wpedantic\x07-Wpedantic\x1b]8;;\x07\x1b[m\x1b[K]\n'}
[6.504074] (rplidar_ros) StderrLine: {'line': b'   66 |     sl_u8 data[\x1b[01;35m\x1b[K0\x1b[m\x1b[K];\n'}
[6.504194] (rplidar_ros) StderrLine: {'line': b'      |                \x1b[01;35m\x1b[K^\x1b[m\x1b[K\n'}
[6.504498] (rplidar_ros) StderrLine: {'line': b'In file included from \x1b[01m\x1b[K/home/ty/rplidar_sdk/src/rplidar_ros/sdk/include/rplidar_cmd.h:36\x1b[m\x1b[K,\n'}
[6.504642] (rplidar_ros) StderrLine: {'line': b'                 from \x1b[01m\x1b[K/home/ty/rplidar_sdk/src/rplidar_ros/sdk/include/rplidar.h:40\x1b[m\x1b[K,\n'}
[6.504782] (rplidar_ros) StderrLine: {'line': b'                 from \x1b[01m\x1b[K/home/ty/rplidar_sdk/src/rplidar_ros/sdk/src/sdkcommon.h:49\x1b[m\x1b[K,\n'}
[6.504898] (rplidar_ros) StderrLine: {'line': b'                 from \x1b[01m\x1b[K/home/ty/rplidar_sdk/src/rplidar_ros/sdk/src/rplidar_driver.cpp:33\x1b[m\x1b[K:\n'}
[6.505012] (rplidar_ros) StderrLine: {'line': b'\x1b[01m\x1b[K/home/ty/rplidar_sdk/src/rplidar_ros/sdk/include/sl_lidar_cmd.h:324:20:\x1b[m\x1b[K \x1b[01;35m\x1b[Kwarning: \x1b[m\x1b[KISO C++ forbids zero-size array \xe2\x80\x98\x1b[01m\x1b[Kpayload\x1b[m\x1b[K\xe2\x80\x99 [\x1b[01;35m\x1b[K\x1b]8;;https://gcc.gnu.org/onlinedocs/gcc/Warning-Options.html#index-Wpedantic\x07-Wpedantic\x1b]8;;\x07\x1b[m\x1b[K]\n'}
[6.505134] (rplidar_ros) StderrLine: {'line': b'  324 |     sl_u8  payload[\x1b[01;35m\x1b[K0\x1b[m\x1b[K];\n'}
[6.505247] (rplidar_ros) StderrLine: {'line': b'      |                    \x1b[01;35m\x1b[K^\x1b[m\x1b[K\n'}
[6.526063] (-) TimerEvent: {}
[6.610046] (rplidar_ros) StdoutLine: {'line': b'[ 34%] \x1b[32mBuilding CXX object CMakeFiles/rplidar_node.dir/sdk/src/sl_async_transceiver.cpp.o\x1b[0m\n'}
[6.626296] (-) TimerEvent: {}
[6.727016] (-) TimerEvent: {}
[6.728688] (rplidar_ros) StdoutLine: {'line': b'[ 36%] \x1b[32mBuilding CXX object CMakeFiles/rplidar_node.dir/sdk/src/sl_crc.cpp.o\x1b[0m\n'}
[6.764334] (rplidar_ros) StderrLine: {'line': b'In file included from \x1b[01m\x1b[K/home/ty/rplidar_sdk/src/rplidar_ros/sdk/include/sl_lidar_cmd.h:41\x1b[m\x1b[K,\n'}
[6.765047] (rplidar_ros) StderrLine: {'line': b'                 from \x1b[01m\x1b[K/home/ty/rplidar_sdk/src/rplidar_ros/sdk/include/sl_crc.h:36\x1b[m\x1b[K,\n'}
[6.765249] (rplidar_ros) StderrLine: {'line': b'                 from \x1b[01m\x1b[K/home/ty/rplidar_sdk/src/rplidar_ros/sdk/src/sl_crc.cpp:33\x1b[m\x1b[K:\n'}
[6.765390] (rplidar_ros) StderrLine: {'line': b'\x1b[01m\x1b[K/home/ty/rplidar_sdk/src/rplidar_ros/sdk/include/sl_lidar_protocol.h:66:16:\x1b[m\x1b[K \x1b[01;35m\x1b[Kwarning: \x1b[m\x1b[KISO C++ forbids zero-size array \xe2\x80\x98\x1b[01m\x1b[Kdata\x1b[m\x1b[K\xe2\x80\x99 [\x1b[01;35m\x1b[K\x1b]8;;https://gcc.gnu.org/onlinedocs/gcc/Warning-Options.html#index-Wpedantic\x07-Wpedantic\x1b]8;;\x07\x1b[m\x1b[K]\n'}
[6.765534] (rplidar_ros) StderrLine: {'line': b'   66 |     sl_u8 data[\x1b[01;35m\x1b[K0\x1b[m\x1b[K];\n'}
[6.765662] (rplidar_ros) StderrLine: {'line': b'      |                \x1b[01;35m\x1b[K^\x1b[m\x1b[K\n'}
[6.765913] (rplidar_ros) StderrLine: {'line': b'In file included from \x1b[01m\x1b[K/home/ty/rplidar_sdk/src/rplidar_ros/sdk/include/sl_crc.h:36\x1b[m\x1b[K,\n'}
[6.766066] (rplidar_ros) StderrLine: {'line': b'                 from \x1b[01m\x1b[K/home/ty/rplidar_sdk/src/rplidar_ros/sdk/src/sl_crc.cpp:33\x1b[m\x1b[K:\n'}
[6.766193] (rplidar_ros) StderrLine: {'line': b'\x1b[01m\x1b[K/home/ty/rplidar_sdk/src/rplidar_ros/sdk/include/sl_lidar_cmd.h:324:20:\x1b[m\x1b[K \x1b[01;35m\x1b[Kwarning: \x1b[m\x1b[KISO C++ forbids zero-size array \xe2\x80\x98\x1b[01m\x1b[Kpayload\x1b[m\x1b[K\xe2\x80\x99 [\x1b[01;35m\x1b[K\x1b]8;;https://gcc.gnu.org/onlinedocs/gcc/Warning-Options.html#index-Wpedantic\x07-Wpedantic\x1b]8;;\x07\x1b[m\x1b[K]\n'}
[6.766321] (rplidar_ros) StderrLine: {'line': b'  324 |     sl_u8  payload[\x1b[01;35m\x1b[K0\x1b[m\x1b[K];\n'}
[6.766438] (rplidar_ros) StderrLine: {'line': b'      |                    \x1b[01;35m\x1b[K^\x1b[m\x1b[K\n'}
[6.801064] (rplidar_ros) StdoutLine: {'line': b'[ 39%] \x1b[32mBuilding CXX object CMakeFiles/rplidar_node.dir/sdk/src/sl_lidar_driver.cpp.o\x1b[0m\n'}
[6.812323] (rplidar_ros) StderrLine: {'line': b'\x1b[01m\x1b[K/home/ty/rplidar_sdk/src/rplidar_ros/sdk/src/rplidar_driver.cpp:\x1b[m\x1b[K In member function \xe2\x80\x98\x1b[01m\x1b[Ku_result rp::standalone::rplidar::RPlidarDriver::connect(const char*, _u32, _u32)\x1b[m\x1b[K\xe2\x80\x99:\n'}
[6.813025] (rplidar_ros) StderrLine: {'line': b'\x1b[01m\x1b[K/home/ty/rplidar_sdk/src/rplidar_ros/sdk/src/rplidar_driver.cpp:67:77:\x1b[m\x1b[K \x1b[01;35m\x1b[Kwarning: \x1b[m\x1b[Kunused parameter \xe2\x80\x98\x1b[01m\x1b[Kflag\x1b[m\x1b[K\xe2\x80\x99 [\x1b[01;35m\x1b[K\x1b]8;;https://gcc.gnu.org/onlinedocs/gcc/Warning-Options.html#index-Wunused-parameter\x07-Wunused-parameter\x1b]8;;\x07\x1b[m\x1b[K]\n'}
[6.813342] (rplidar_ros) StderrLine: {'line': b'   67 |     u_result RPlidarDriver::connect(const char *path, _u32 portOrBaud, \x1b[01;35m\x1b[K_u32 flag\x1b[m\x1b[K)\n'}
[6.813606] (rplidar_ros) StderrLine: {'line': b'      |                                                                        \x1b[01;35m\x1b[K~~~~~^~~~\x1b[m\x1b[K\n'}
[6.814477] (rplidar_ros) StderrLine: {'line': b'\x1b[01m\x1b[K/home/ty/rplidar_sdk/src/rplidar_ros/sdk/src/rplidar_driver.cpp:\x1b[m\x1b[K In member function \xe2\x80\x98\x1b[01m\x1b[Ku_result rp::standalone::rplidar::RPlidarDriver::reset(_u32)\x1b[m\x1b[K\xe2\x80\x99:\n'}
[6.814851] (rplidar_ros) StderrLine: {'line': b'\x1b[01m\x1b[K/home/ty/rplidar_sdk/src/rplidar_ros/sdk/src/rplidar_driver.cpp:101:40:\x1b[m\x1b[K \x1b[01;35m\x1b[Kwarning: \x1b[m\x1b[Kunused parameter \xe2\x80\x98\x1b[01m\x1b[Ktimeout\x1b[m\x1b[K\xe2\x80\x99 [\x1b[01;35m\x1b[K\x1b]8;;https://gcc.gnu.org/onlinedocs/gcc/Warning-Options.html#index-Wunused-parameter\x07-Wunused-parameter\x1b]8;;\x07\x1b[m\x1b[K]\n'}
[6.815129] (rplidar_ros) StderrLine: {'line': b'  101 |     u_result RPlidarDriver::reset(\x1b[01;35m\x1b[K_u32 timeout\x1b[m\x1b[K)\n'}
[6.815372] (rplidar_ros) StderrLine: {'line': b'      |                                   \x1b[01;35m\x1b[K~~~~~^~~~~~~\x1b[m\x1b[K\n'}
[6.817909] (rplidar_ros) StderrLine: {'line': b'\x1b[01m\x1b[K/home/ty/rplidar_sdk/src/rplidar_ros/sdk/src/rplidar_driver.cpp:\x1b[m\x1b[K In member function \xe2\x80\x98\x1b[01m\x1b[Ku_result rp::standalone::rplidar::RPlidarDriver::getScanDataWithInterval(rplidar_response_measurement_node_t*, size_t&)\x1b[m\x1b[K\xe2\x80\x99:\n'}
[6.818398] (rplidar_ros) StderrLine: {'line': b'\x1b[01m\x1b[K/home/ty/rplidar_sdk/src/rplidar_ros/sdk/src/rplidar_driver.cpp:180:91:\x1b[m\x1b[K \x1b[01;35m\x1b[Kwarning: \x1b[m\x1b[Kunused parameter \xe2\x80\x98\x1b[01m\x1b[Knodebuffer\x1b[m\x1b[K\xe2\x80\x99 [\x1b[01;35m\x1b[K\x1b]8;;https://gcc.gnu.org/onlinedocs/gcc/Warning-Options.html#index-Wunused-parameter\x07-Wunused-parameter\x1b]8;;\x07\x1b[m\x1b[K]\n'}
[6.818749] (rplidar_ros) StderrLine: {'line': b'  180 |     u_result RPlidarDriver::getScanDataWithInterval(\x1b[01;35m\x1b[Krplidar_response_measurement_node_t * nodebuffer\x1b[m\x1b[K, size_t & count)\n'}
[6.819048] (rplidar_ros) StderrLine: {'line': b'      |                                                     \x1b[01;35m\x1b[K~~~~~~~~~~~~~~~~~~~~~~~~~~~~~~~~~~~~~~^~~~~~~~~~\x1b[m\x1b[K\n'}
[6.819389] (rplidar_ros) StderrLine: {'line': b'\x1b[01m\x1b[K/home/ty/rplidar_sdk/src/rplidar_ros/sdk/src/rplidar_driver.cpp:180:112:\x1b[m\x1b[K \x1b[01;35m\x1b[Kwarning: \x1b[m\x1b[Kunused parameter \xe2\x80\x98\x1b[01m\x1b[Kcount\x1b[m\x1b[K\xe2\x80\x99 [\x1b[01;35m\x1b[K\x1b]8;;https://gcc.gnu.org/onlinedocs/gcc/Warning-Options.html#index-Wunused-parameter\x07-Wunused-parameter\x1b]8;;\x07\x1b[m\x1b[K]\n'}
[6.819726] (rplidar_ros) StderrLine: {'line': b'  180 |     u_result RPlidarDriver::getScanDataWithInterval(rplidar_response_measurement_node_t * nodebuffer, \x1b[01;35m\x1b[Ksize_t & count\x1b[m\x1b[K)\n'}
[6.819976] (rplidar_ros) StderrLine: {'line': b'      |                                                                                                       \x1b[01;35m\x1b[K~~~~~~~~~^~~~~\x1b[m\x1b[K\n'}
[6.827218] (-) TimerEvent: {}
[6.927928] (-) TimerEvent: {}
[7.028654] (-) TimerEvent: {}
[7.056998] (rplidar_ros) StdoutLine: {'line': b'[ 42%] \x1b[32mBuilding CXX object CMakeFiles/rplidar_node.dir/sdk/src/sl_lidarprotocol_codec.cpp.o\x1b[0m\n'}
[7.128845] (-) TimerEvent: {}
[7.229556] (-) TimerEvent: {}
[7.330324] (-) TimerEvent: {}
[7.371533] (rplidar_ros) StderrLine: {'line': b'In file included from \x1b[01m\x1b[K/home/ty/rplidar_sdk/src/rplidar_ros/sdk/include/rplidar_protocol.h:36\x1b[m\x1b[K,\n'}
[7.372182] (rplidar_ros) StderrLine: {'line': b'                 from \x1b[01m\x1b[K/home/ty/rplidar_sdk/src/rplidar_ros/sdk/include/rplidar.h:39\x1b[m\x1b[K,\n'}
[7.372487] (rplidar_ros) StderrLine: {'line': b'                 from \x1b[01m\x1b[K/home/ty/rplidar_sdk/src/rplidar_ros/sdk/src/sdkcommon.h:49\x1b[m\x1b[K,\n'}
[7.372738] (rplidar_ros) StderrLine: {'line': b'                 from \x1b[01m\x1b[K/home/ty/rplidar_sdk/src/rplidar_ros/sdk/src/sl_async_transceiver.cpp:35\x1b[m\x1b[K:\n'}
[7.372991] (rplidar_ros) StderrLine: {'line': b'\x1b[01m\x1b[K/home/ty/rplidar_sdk/src/rplidar_ros/sdk/include/sl_lidar_protocol.h:66:16:\x1b[m\x1b[K \x1b[01;35m\x1b[Kwarning: \x1b[m\x1b[KISO C++ forbids zero-size array \xe2\x80\x98\x1b[01m\x1b[Kdata\x1b[m\x1b[K\xe2\x80\x99 [\x1b[01;35m\x1b[K\x1b]8;;https://gcc.gnu.org/onlinedocs/gcc/Warning-Options.html#index-Wpedantic\x07-Wpedantic\x1b]8;;\x07\x1b[m\x1b[K]\n'}
[7.373239] (rplidar_ros) StderrLine: {'line': b'   66 |     sl_u8 data[\x1b[01;35m\x1b[K0\x1b[m\x1b[K];\n'}
[7.373461] (rplidar_ros) StderrLine: {'line': b'      |                \x1b[01;35m\x1b[K^\x1b[m\x1b[K\n'}
[7.374767] (rplidar_ros) StderrLine: {'line': b'In file included from \x1b[01m\x1b[K/home/ty/rplidar_sdk/src/rplidar_ros/sdk/include/rplidar_cmd.h:36\x1b[m\x1b[K,\n'}
[7.375079] (rplidar_ros) StderrLine: {'line': b'                 from \x1b[01m\x1b[K/home/ty/rplidar_sdk/src/rplidar_ros/sdk/include/rplidar.h:40\x1b[m\x1b[K,\n'}
[7.375331] (rplidar_ros) StderrLine: {'line': b'                 from \x1b[01m\x1b[K/home/ty/rplidar_sdk/src/rplidar_ros/sdk/src/sdkcommon.h:49\x1b[m\x1b[K,\n'}
[7.375577] (rplidar_ros) StderrLine: {'line': b'                 from \x1b[01m\x1b[K/home/ty/rplidar_sdk/src/rplidar_ros/sdk/src/sl_async_transceiver.cpp:35\x1b[m\x1b[K:\n'}
[7.375842] (rplidar_ros) StderrLine: {'line': b'\x1b[01m\x1b[K/home/ty/rplidar_sdk/src/rplidar_ros/sdk/include/sl_lidar_cmd.h:324:20:\x1b[m\x1b[K \x1b[01;35m\x1b[Kwarning: \x1b[m\x1b[KISO C++ forbids zero-size array \xe2\x80\x98\x1b[01m\x1b[Kpayload\x1b[m\x1b[K\xe2\x80\x99 [\x1b[01;35m\x1b[K\x1b]8;;https://gcc.gnu.org/onlinedocs/gcc/Warning-Options.html#index-Wpedantic\x07-Wpedantic\x1b]8;;\x07\x1b[m\x1b[K]\n'}
[7.376075] (rplidar_ros) StderrLine: {'line': b'  324 |     sl_u8  payload[\x1b[01;35m\x1b[K0\x1b[m\x1b[K];\n'}
[7.376293] (rplidar_ros) StderrLine: {'line': b'      |                    \x1b[01;35m\x1b[K^\x1b[m\x1b[K\n'}
[7.430543] (-) TimerEvent: {}
[7.531287] (-) TimerEvent: {}
[7.582185] (rplidar_ros) StderrLine: {'line': b'In file included from \x1b[01m\x1b[K/home/ty/rplidar_sdk/src/rplidar_ros/sdk/src/sl_async_transceiver.cpp:44\x1b[m\x1b[K:\n'}
[7.582807] (rplidar_ros) StderrLine: {'line': b'\x1b[01m\x1b[K/home/ty/rplidar_sdk/src/rplidar_ros/sdk/src/sl_async_transceiver.h:\x1b[m\x1b[K In member function \xe2\x80\x98\x1b[01m\x1b[Kvirtual void sl::internal::IAsyncProtocolCodec::onChannelError(u_result)\x1b[m\x1b[K\xe2\x80\x99:\n'}
[7.583100] (rplidar_ros) StderrLine: {'line': b'\x1b[01m\x1b[K/home/ty/rplidar_sdk/src/rplidar_ros/sdk/src/sl_async_transceiver.h:90:48:\x1b[m\x1b[K \x1b[01;35m\x1b[Kwarning: \x1b[m\x1b[Kunused parameter \xe2\x80\x98\x1b[01m\x1b[KerrCode\x1b[m\x1b[K\xe2\x80\x99 [\x1b[01;35m\x1b[K\x1b]8;;https://gcc.gnu.org/onlinedocs/gcc/Warning-Options.html#index-Wunused-parameter\x07-Wunused-parameter\x1b]8;;\x07\x1b[m\x1b[K]\n'}
[7.583359] (rplidar_ros) StderrLine: {'line': b'   90 |         virtual void   onChannelError(\x1b[01;35m\x1b[Ku_result errCode\x1b[m\x1b[K) {}\n'}
[7.583629] (rplidar_ros) StderrLine: {'line': b'      |                                       \x1b[01;35m\x1b[K~~~~~~~~~^~~~~~~\x1b[m\x1b[K\n'}
[7.597367] (rplidar_ros) StderrLine: {'line': b'In file included from \x1b[01m\x1b[K/home/ty/rplidar_sdk/src/rplidar_ros/sdk/include/rplidar_protocol.h:36\x1b[m\x1b[K,\n'}
[7.597834] (rplidar_ros) StderrLine: {'line': b'                 from \x1b[01m\x1b[K/home/ty/rplidar_sdk/src/rplidar_ros/sdk/include/rplidar.h:39\x1b[m\x1b[K,\n'}
[7.598028] (rplidar_ros) StderrLine: {'line': b'                 from \x1b[01m\x1b[K/home/ty/rplidar_sdk/src/rplidar_ros/sdk/src/sdkcommon.h:49\x1b[m\x1b[K,\n'}
[7.598157] (rplidar_ros) StderrLine: {'line': b'                 from \x1b[01m\x1b[K/home/ty/rplidar_sdk/src/rplidar_ros/sdk/src/sl_lidar_driver.cpp:33\x1b[m\x1b[K:\n'}
[7.598277] (rplidar_ros) StderrLine: {'line': b'\x1b[01m\x1b[K/home/ty/rplidar_sdk/src/rplidar_ros/sdk/include/sl_lidar_protocol.h:66:16:\x1b[m\x1b[K \x1b[01;35m\x1b[Kwarning: \x1b[m\x1b[KISO C++ forbids zero-size array \xe2\x80\x98\x1b[01m\x1b[Kdata\x1b[m\x1b[K\xe2\x80\x99 [\x1b[01;35m\x1b[K\x1b]8;;https://gcc.gnu.org/onlinedocs/gcc/Warning-Options.html#index-Wpedantic\x07-Wpedantic\x1b]8;;\x07\x1b[m\x1b[K]\n'}
[7.598427] (rplidar_ros) StderrLine: {'line': b'   66 |     sl_u8 data[\x1b[01;35m\x1b[K0\x1b[m\x1b[K];\n'}
[7.598543] (rplidar_ros) StderrLine: {'line': b'      |                \x1b[01;35m\x1b[K^\x1b[m\x1b[K\n'}
[7.598803] (rplidar_ros) StderrLine: {'line': b'In file included from \x1b[01m\x1b[K/home/ty/rplidar_sdk/src/rplidar_ros/sdk/include/rplidar_cmd.h:36\x1b[m\x1b[K,\n'}
[7.598944] (rplidar_ros) StderrLine: {'line': b'                 from \x1b[01m\x1b[K/home/ty/rplidar_sdk/src/rplidar_ros/sdk/include/rplidar.h:40\x1b[m\x1b[K,\n'}
[7.599080] (rplidar_ros) StderrLine: {'line': b'                 from \x1b[01m\x1b[K/home/ty/rplidar_sdk/src/rplidar_ros/sdk/src/sdkcommon.h:49\x1b[m\x1b[K,\n'}
[7.599206] (rplidar_ros) StderrLine: {'line': b'                 from \x1b[01m\x1b[K/home/ty/rplidar_sdk/src/rplidar_ros/sdk/src/sl_lidar_driver.cpp:33\x1b[m\x1b[K:\n'}
[7.599318] (rplidar_ros) StderrLine: {'line': b'\x1b[01m\x1b[K/home/ty/rplidar_sdk/src/rplidar_ros/sdk/include/sl_lidar_cmd.h:324:20:\x1b[m\x1b[K \x1b[01;35m\x1b[Kwarning: \x1b[m\x1b[KISO C++ forbids zero-size array \xe2\x80\x98\x1b[01m\x1b[Kpayload\x1b[m\x1b[K\xe2\x80\x99 [\x1b[01;35m\x1b[K\x1b]8;;https://gcc.gnu.org/onlinedocs/gcc/Warning-Options.html#index-Wpedantic\x07-Wpedantic\x1b]8;;\x07\x1b[m\x1b[K]\n'}
[7.599438] (rplidar_ros) StderrLine: {'line': b'  324 |     sl_u8  payload[\x1b[01;35m\x1b[K0\x1b[m\x1b[K];\n'}
[7.599581] (rplidar_ros) StderrLine: {'line': b'      |                    \x1b[01;35m\x1b[K^\x1b[m\x1b[K\n'}
[7.631534] (-) TimerEvent: {}
[7.732246] (-) TimerEvent: {}
[7.832955] (-) TimerEvent: {}
[7.903876] (rplidar_ros) StderrLine: {'line': b'In file included from \x1b[01m\x1b[K/home/ty/rplidar_sdk/src/rplidar_ros/sdk/include/rplidar_protocol.h:36\x1b[m\x1b[K,\n'}
[7.904441] (rplidar_ros) StderrLine: {'line': b'                 from \x1b[01m\x1b[K/home/ty/rplidar_sdk/src/rplidar_ros/sdk/include/rplidar.h:39\x1b[m\x1b[K,\n'}
[7.904709] (rplidar_ros) StderrLine: {'line': b'                 from \x1b[01m\x1b[K/home/ty/rplidar_sdk/src/rplidar_ros/sdk/src/sdkcommon.h:49\x1b[m\x1b[K,\n'}
[7.904951] (rplidar_ros) StderrLine: {'line': b'                 from \x1b[01m\x1b[K/home/ty/rplidar_sdk/src/rplidar_ros/sdk/src/sl_lidarprotocol_codec.cpp:35\x1b[m\x1b[K:\n'}
[7.905206] (rplidar_ros) StderrLine: {'line': b'\x1b[01m\x1b[K/home/ty/rplidar_sdk/src/rplidar_ros/sdk/include/sl_lidar_protocol.h:66:16:\x1b[m\x1b[K \x1b[01;35m\x1b[Kwarning: \x1b[m\x1b[KISO C++ forbids zero-size array \xe2\x80\x98\x1b[01m\x1b[Kdata\x1b[m\x1b[K\xe2\x80\x99 [\x1b[01;35m\x1b[K\x1b]8;;https://gcc.gnu.org/onlinedocs/gcc/Warning-Options.html#index-Wpedantic\x07-Wpedantic\x1b]8;;\x07\x1b[m\x1b[K]\n'}
[7.905442] (rplidar_ros) StderrLine: {'line': b'   66 |     sl_u8 data[\x1b[01;35m\x1b[K0\x1b[m\x1b[K];\n'}
[7.905659] (rplidar_ros) StderrLine: {'line': b'      |                \x1b[01;35m\x1b[K^\x1b[m\x1b[K\n'}
[7.907093] (rplidar_ros) StderrLine: {'line': b'In file included from \x1b[01m\x1b[K/home/ty/rplidar_sdk/src/rplidar_ros/sdk/include/rplidar_cmd.h:36\x1b[m\x1b[K,\n'}
[7.907456] (rplidar_ros) StderrLine: {'line': b'                 from \x1b[01m\x1b[K/home/ty/rplidar_sdk/src/rplidar_ros/sdk/include/rplidar.h:40\x1b[m\x1b[K,\n'}
[7.907790] (rplidar_ros) StderrLine: {'line': b'                 from \x1b[01m\x1b[K/home/ty/rplidar_sdk/src/rplidar_ros/sdk/src/sdkcommon.h:49\x1b[m\x1b[K,\n'}
[7.908020] (rplidar_ros) StderrLine: {'line': b'                 from \x1b[01m\x1b[K/home/ty/rplidar_sdk/src/rplidar_ros/sdk/src/sl_lidarprotocol_codec.cpp:35\x1b[m\x1b[K:\n'}
[7.908283] (rplidar_ros) StderrLine: {'line': b'\x1b[01m\x1b[K/home/ty/rplidar_sdk/src/rplidar_ros/sdk/include/sl_lidar_cmd.h:324:20:\x1b[m\x1b[K \x1b[01;35m\x1b[Kwarning: \x1b[m\x1b[KISO C++ forbids zero-size array \xe2\x80\x98\x1b[01m\x1b[Kpayload\x1b[m\x1b[K\xe2\x80\x99 [\x1b[01;35m\x1b[K\x1b]8;;https://gcc.gnu.org/onlinedocs/gcc/Warning-Options.html#index-Wpedantic\x07-Wpedantic\x1b]8;;\x07\x1b[m\x1b[K]\n'}
[7.908531] (rplidar_ros) StderrLine: {'line': b'  324 |     sl_u8  payload[\x1b[01;35m\x1b[K0\x1b[m\x1b[K];\n'}
[7.908752] (rplidar_ros) StderrLine: {'line': b'      |                    \x1b[01;35m\x1b[K^\x1b[m\x1b[K\n'}
[7.913594] (rplidar_ros) StdoutLine: {'line': b'[ 44%] \x1b[32mBuilding CXX object CMakeFiles/rplidar_node.dir/sdk/src/sl_serial_channel.cpp.o\x1b[0m\n'}
[7.933160] (-) TimerEvent: {}
[8.027778] (rplidar_ros) StderrLine: {'line': b'In file included from \x1b[01m\x1b[K/home/ty/rplidar_sdk/src/rplidar_ros/sdk/src/sl_lidar_driver.cpp:50\x1b[m\x1b[K:\n'}
[8.028678] (rplidar_ros) StderrLine: {'line': b'\x1b[01m\x1b[K/home/ty/rplidar_sdk/src/rplidar_ros/sdk/src/dataunpacker/dataunpacker.h:\x1b[m\x1b[K In member function \xe2\x80\x98\x1b[01m\x1b[Kvirtual void sl::internal::LIDARSampleDataListener::onCustomSampleDataDecoded(_u8, _u32, const void*, size_t)\x1b[m\x1b[K\xe2\x80\x99:\n'}
[8.028921] (rplidar_ros) StderrLine: {'line': b'\x1b[01m\x1b[K/home/ty/rplidar_sdk/src/rplidar_ros/sdk/src/dataunpacker/dataunpacker.h:54:52:\x1b[m\x1b[K \x1b[01;35m\x1b[Kwarning: \x1b[m\x1b[Kunused parameter \xe2\x80\x98\x1b[01m\x1b[KansType\x1b[m\x1b[K\xe2\x80\x99 [\x1b[01;35m\x1b[K\x1b]8;;https://gcc.gnu.org/onlinedocs/gcc/Warning-Options.html#index-Wunused-parameter\x07-Wunused-parameter\x1b]8;;\x07\x1b[m\x1b[K]\n'}
[8.029076] (rplidar_ros) StderrLine: {'line': b'   54 |         virtual void onCustomSampleDataDecoded(\x1b[01;35m\x1b[K_u8 ansType\x1b[m\x1b[K, _u32 customCode, const void* data, size_t size) {}\n'}
[8.029212] (rplidar_ros) StderrLine: {'line': b'      |                                                \x1b[01;35m\x1b[K~~~~^~~~~~~\x1b[m\x1b[K\n'}
[8.029332] (rplidar_ros) StderrLine: {'line': b'\x1b[01m\x1b[K/home/ty/rplidar_sdk/src/rplidar_ros/sdk/src/dataunpacker/dataunpacker.h:54:66:\x1b[m\x1b[K \x1b[01;35m\x1b[Kwarning: \x1b[m\x1b[Kunused parameter \xe2\x80\x98\x1b[01m\x1b[KcustomCode\x1b[m\x1b[K\xe2\x80\x99 [\x1b[01;35m\x1b[K\x1b]8;;https://gcc.gnu.org/onlinedocs/gcc/Warning-Options.html#index-Wunused-parameter\x07-Wunused-parameter\x1b]8;;\x07\x1b[m\x1b[K]\n'}
[8.029458] (rplidar_ros) StderrLine: {'line': b'   54 |         virtual void onCustomSampleDataDecoded(_u8 ansType, \x1b[01;35m\x1b[K_u32 customCode\x1b[m\x1b[K, const void* data, size_t size) {}\n'}
[8.029573] (rplidar_ros) StderrLine: {'line': b'      |                                                             \x1b[01;35m\x1b[K~~~~~^~~~~~~~~~\x1b[m\x1b[K\n'}
[8.029725] (rplidar_ros) StderrLine: {'line': b'\x1b[01m\x1b[K/home/ty/rplidar_sdk/src/rplidar_ros/sdk/src/dataunpacker/dataunpacker.h:54:90:\x1b[m\x1b[K \x1b[01;35m\x1b[Kwarning: \x1b[m\x1b[Kunused parameter \xe2\x80\x98\x1b[01m\x1b[Kdata\x1b[m\x1b[K\xe2\x80\x99 [\x1b[01;35m\x1b[K\x1b]8;;https://gcc.gnu.org/onlinedocs/gcc/Warning-Options.html#index-Wunused-parameter\x07-Wunused-parameter\x1b]8;;\x07\x1b[m\x1b[K]\n'}
[8.029859] (rplidar_ros) StderrLine: {'line': b'   54 |         virtual void onCustomSampleDataDecoded(_u8 ansType, _u32 customCode, \x1b[01;35m\x1b[Kconst void* data\x1b[m\x1b[K, size_t size) {}\n'}
[8.029988] (rplidar_ros) StderrLine: {'line': b'      |                                                                              \x1b[01;35m\x1b[K~~~~~~~~~~~~^~~~\x1b[m\x1b[K\n'}
[8.030099] (rplidar_ros) StderrLine: {'line': b'\x1b[01m\x1b[K/home/ty/rplidar_sdk/src/rplidar_ros/sdk/src/dataunpacker/dataunpacker.h:54:103:\x1b[m\x1b[K \x1b[01;35m\x1b[Kwarning: \x1b[m\x1b[Kunused parameter \xe2\x80\x98\x1b[01m\x1b[Ksize\x1b[m\x1b[K\xe2\x80\x99 [\x1b[01;35m\x1b[K\x1b]8;;https://gcc.gnu.org/onlinedocs/gcc/Warning-Options.html#index-Wunused-parameter\x07-Wunused-parameter\x1b]8;;\x07\x1b[m\x1b[K]\n'}
[8.030230] (rplidar_ros) StderrLine: {'line': b'   54 |         virtual void onCustomSampleDataDecoded(_u8 ansType, _u32 customCode, const void* data, \x1b[01;35m\x1b[Ksize_t size\x1b[m\x1b[K) {}\n'}
[8.030338] (rplidar_ros) StderrLine: {'line': b'      |                                                                                                \x1b[01;35m\x1b[K~~~~~~~^~~~\x1b[m\x1b[K\n'}
[8.030443] (rplidar_ros) StderrLine: {'line': b'\x1b[01m\x1b[K/home/ty/rplidar_sdk/src/rplidar_ros/sdk/src/dataunpacker/dataunpacker.h:\x1b[m\x1b[K In member function \xe2\x80\x98\x1b[01m\x1b[Kvirtual void sl::internal::LIDARSampleDataListener::onDecodingError(int, _u8, const void*, size_t)\x1b[m\x1b[K\xe2\x80\x99:\n'}
[8.030554] (rplidar_ros) StderrLine: {'line': b'\x1b[01m\x1b[K/home/ty/rplidar_sdk/src/rplidar_ros/sdk/src/dataunpacker/dataunpacker.h:56:42:\x1b[m\x1b[K \x1b[01;35m\x1b[Kwarning: \x1b[m\x1b[Kunused parameter \xe2\x80\x98\x1b[01m\x1b[KerrMsg\x1b[m\x1b[K\xe2\x80\x99 [\x1b[01;35m\x1b[K\x1b]8;;https://gcc.gnu.org/onlinedocs/gcc/Warning-Options.html#index-Wunused-parameter\x07-Wunused-parameter\x1b]8;;\x07\x1b[m\x1b[K]\n'}
[8.030668] (rplidar_ros) StderrLine: {'line': b'   56 |         virtual void onDecodingError(\x1b[01;35m\x1b[Kint errMsg\x1b[m\x1b[K, _u8 ansType, const void* payload, size_t size) {}\n'}
[8.030778] (rplidar_ros) StderrLine: {'line': b'      |                                      \x1b[01;35m\x1b[K~~~~^~~~~~\x1b[m\x1b[K\n'}
[8.030887] (rplidar_ros) StderrLine: {'line': b'\x1b[01m\x1b[K/home/ty/rplidar_sdk/src/rplidar_ros/sdk/src/dataunpacker/dataunpacker.h:56:54:\x1b[m\x1b[K \x1b[01;35m\x1b[Kwarning: \x1b[m\x1b[Kunused parameter \xe2\x80\x98\x1b[01m\x1b[KansType\x1b[m\x1b[K\xe2\x80\x99 [\x1b[01;35m\x1b[K\x1b]8;;https://gcc.gnu.org/onlinedocs/gcc/Warning-Options.html#index-Wunused-parameter\x07-Wunused-parameter\x1b]8;;\x07\x1b[m\x1b[K]\n'}
[8.031000] (rplidar_ros) StderrLine: {'line': b'   56 |         virtual void onDecodingError(int errMsg, \x1b[01;35m\x1b[K_u8 ansType\x1b[m\x1b[K, const void* payload, size_t size) {}\n'}
[8.031109] (rplidar_ros) StderrLine: {'line': b'      |                                                  \x1b[01;35m\x1b[K~~~~^~~~~~~\x1b[m\x1b[K\n'}
[8.031216] (rplidar_ros) StderrLine: {'line': b'\x1b[01m\x1b[K/home/ty/rplidar_sdk/src/rplidar_ros/sdk/src/dataunpacker/dataunpacker.h:56:75:\x1b[m\x1b[K \x1b[01;35m\x1b[Kwarning: \x1b[m\x1b[Kunused parameter \xe2\x80\x98\x1b[01m\x1b[Kpayload\x1b[m\x1b[K\xe2\x80\x99 [\x1b[01;35m\x1b[K\x1b]8;;https://gcc.gnu.org/onlinedocs/gcc/Warning-Options.html#index-Wunused-parameter\x07-Wunused-parameter\x1b]8;;\x07\x1b[m\x1b[K]\n'}
[8.031329] (rplidar_ros) StderrLine: {'line': b'   56 |         virtual void onDecodingError(int errMsg, _u8 ansType, \x1b[01;35m\x1b[Kconst void* payload\x1b[m\x1b[K, size_t size) {}\n'}
[8.031435] (rplidar_ros) StderrLine: {'line': b'      |                                                               \x1b[01;35m\x1b[K~~~~~~~~~~~~^~~~~~~\x1b[m\x1b[K\n'}
[8.031629] (rplidar_ros) StderrLine: {'line': b'\x1b[01m\x1b[K/home/ty/rplidar_sdk/src/rplidar_ros/sdk/src/dataunpacker/dataunpacker.h:56:91:\x1b[m\x1b[K \x1b[01;35m\x1b[Kwarning: \x1b[m\x1b[Kunused parameter \xe2\x80\x98\x1b[01m\x1b[Ksize\x1b[m\x1b[K\xe2\x80\x99 [\x1b[01;35m\x1b[K\x1b]8;;https://gcc.gnu.org/onlinedocs/gcc/Warning-Options.html#index-Wunused-parameter\x07-Wunused-parameter\x1b]8;;\x07\x1b[m\x1b[K]\n'}
[8.031756] (rplidar_ros) StderrLine: {'line': b'   56 |         virtual void onDecodingError(int errMsg, _u8 ansType, const void* payload, \x1b[01;35m\x1b[Ksize_t size\x1b[m\x1b[K) {}\n'}
[8.031865] (rplidar_ros) StderrLine: {'line': b'      |                                                                                    \x1b[01;35m\x1b[K~~~~~~~^~~~\x1b[m\x1b[K\n'}
[8.033332] (-) TimerEvent: {}
[8.046819] (rplidar_ros) StderrLine: {'line': b'In file included from \x1b[01m\x1b[K/home/ty/rplidar_sdk/src/rplidar_ros/sdk/src/sl_lidar_driver.cpp:51\x1b[m\x1b[K:\n'}
[8.047260] (rplidar_ros) StderrLine: {'line': b'\x1b[01m\x1b[K/home/ty/rplidar_sdk/src/rplidar_ros/sdk/src/sl_async_transceiver.h:\x1b[m\x1b[K In member function \xe2\x80\x98\x1b[01m\x1b[Kvirtual void sl::internal::IAsyncProtocolCodec::onChannelError(u_result)\x1b[m\x1b[K\xe2\x80\x99:\n'}
[8.047426] (rplidar_ros) StderrLine: {'line': b'\x1b[01m\x1b[K/home/ty/rplidar_sdk/src/rplidar_ros/sdk/src/sl_async_transceiver.h:90:48:\x1b[m\x1b[K \x1b[01;35m\x1b[Kwarning: \x1b[m\x1b[Kunused parameter \xe2\x80\x98\x1b[01m\x1b[KerrCode\x1b[m\x1b[K\xe2\x80\x99 [\x1b[01;35m\x1b[K\x1b]8;;https://gcc.gnu.org/onlinedocs/gcc/Warning-Options.html#index-Wunused-parameter\x07-Wunused-parameter\x1b]8;;\x07\x1b[m\x1b[K]\n'}
[8.047615] (rplidar_ros) StderrLine: {'line': b'   90 |         virtual void   onChannelError(\x1b[01;35m\x1b[Ku_result errCode\x1b[m\x1b[K) {}\n'}
[8.047749] (rplidar_ros) StderrLine: {'line': b'      |                                       \x1b[01;35m\x1b[K~~~~~~~~~^~~~~~~\x1b[m\x1b[K\n'}
[8.097682] (rplidar_ros) StderrLine: {'line': b'\x1b[01m\x1b[K/home/ty/rplidar_sdk/src/rplidar_ros/sdk/src/sl_lidar_driver.cpp:\x1b[m\x1b[K In member function \xe2\x80\x98\x1b[01m\x1b[Kvirtual sl_result sl::SlamtecLidarDriver::reset(sl_u32)\x1b[m\x1b[K\xe2\x80\x99:\n'}
[8.098206] (rplidar_ros) StderrLine: {'line': b'\x1b[01m\x1b[K/home/ty/rplidar_sdk/src/rplidar_ros/sdk/src/sl_lidar_driver.cpp:511:32:\x1b[m\x1b[K \x1b[01;35m\x1b[Kwarning: \x1b[m\x1b[Kunused parameter \xe2\x80\x98\x1b[01m\x1b[KtimeoutInMs\x1b[m\x1b[K\xe2\x80\x99 [\x1b[01;35m\x1b[K\x1b]8;;https://gcc.gnu.org/onlinedocs/gcc/Warning-Options.html#index-Wunused-parameter\x07-Wunused-parameter\x1b]8;;\x07\x1b[m\x1b[K]\n'}
[8.098401] (rplidar_ros) StderrLine: {'line': b'  511 |         sl_result reset(\x1b[01;35m\x1b[Ksl_u32 timeoutInMs = DEFAULT_TIMEOUT\x1b[m\x1b[K)\n'}
[8.098537] (rplidar_ros) StderrLine: {'line': b'      |                         \x1b[01;35m\x1b[K~~~~~~~^~~~~~~~~~~~~~~~~~~~~~~~~~~~~\x1b[m\x1b[K\n'}
[8.106026] (rplidar_ros) StderrLine: {'line': b'\x1b[01m\x1b[K/home/ty/rplidar_sdk/src/rplidar_ros/sdk/src/sl_lidar_driver.cpp:\x1b[m\x1b[K In member function \xe2\x80\x98\x1b[01m\x1b[Kvirtual sl_result sl::SlamtecLidarDriver::startScan(bool, bool, sl_u32, sl::LidarScanMode*)\x1b[m\x1b[K\xe2\x80\x99:\n'}
[8.106506] (rplidar_ros) StderrLine: {'line': b'\x1b[01m\x1b[K/home/ty/rplidar_sdk/src/rplidar_ros/sdk/src/sl_lidar_driver.cpp:586:69:\x1b[m\x1b[K \x1b[01;35m\x1b[Kwarning: \x1b[m\x1b[Kunused parameter \xe2\x80\x98\x1b[01m\x1b[Koptions\x1b[m\x1b[K\xe2\x80\x99 [\x1b[01;35m\x1b[K\x1b]8;;https://gcc.gnu.org/onlinedocs/gcc/Warning-Options.html#index-Wunused-parameter\x07-Wunused-parameter\x1b]8;;\x07\x1b[m\x1b[K]\n'}
[8.106686] (rplidar_ros) StderrLine: {'line': b'  586 |         sl_result startScan(bool force, bool useTypicalScan, \x1b[01;35m\x1b[Ksl_u32 options = 0\x1b[m\x1b[K, LidarScanMode* outUsedScanMode = nullptr)\n'}
[8.106821] (rplidar_ros) StderrLine: {'line': b'      |                                                              \x1b[01;35m\x1b[K~~~~~~~^~~~~~~~~~~\x1b[m\x1b[K\n'}
[8.110425] (rplidar_ros) StderrLine: {'line': b'\x1b[01m\x1b[K/home/ty/rplidar_sdk/src/rplidar_ros/sdk/src/sl_lidar_driver.cpp:\x1b[m\x1b[K In member function \xe2\x80\x98\x1b[01m\x1b[Kvirtual sl_result sl::SlamtecLidarDriver::stop(sl_u32)\x1b[m\x1b[K\xe2\x80\x99:\n'}
[8.110842] (rplidar_ros) StderrLine: {'line': b'\x1b[01m\x1b[K/home/ty/rplidar_sdk/src/rplidar_ros/sdk/src/sl_lidar_driver.cpp:763:31:\x1b[m\x1b[K \x1b[01;35m\x1b[Kwarning: \x1b[m\x1b[Kunused parameter \xe2\x80\x98\x1b[01m\x1b[Ktimeout\x1b[m\x1b[K\xe2\x80\x99 [\x1b[01;35m\x1b[K\x1b]8;;https://gcc.gnu.org/onlinedocs/gcc/Warning-Options.html#index-Wunused-parameter\x07-Wunused-parameter\x1b]8;;\x07\x1b[m\x1b[K]\n'}
[8.110996] (rplidar_ros) StderrLine: {'line': b'  763 |         sl_result stop(\x1b[01;35m\x1b[Ksl_u32 timeout = DEFAULT_TIMEOUT\x1b[m\x1b[K)\n'}
[8.111165] (rplidar_ros) StderrLine: {'line': b'      |                        \x1b[01;35m\x1b[K~~~~~~~^~~~~~~~~~~~~~~~~~~~~~~~~\x1b[m\x1b[K\n'}
[8.114490] (rplidar_ros) StderrLine: {'line': b'\x1b[01m\x1b[K/home/ty/rplidar_sdk/src/rplidar_ros/sdk/src/sl_lidar_driver.cpp:\x1b[m\x1b[K In member function \xe2\x80\x98\x1b[01m\x1b[Kvirtual sl_result sl::SlamtecLidarDriver::getFrequency(const sl::LidarScanMode&, const sl_lidar_response_measurement_node_hq_t*, size_t, float&)\x1b[m\x1b[K\xe2\x80\x99:\n'}
[8.114862] (rplidar_ros) StderrLine: {'line': b'\x1b[01m\x1b[K/home/ty/rplidar_sdk/src/rplidar_ros/sdk/src/sl_lidar_driver.cpp:880:110:\x1b[m\x1b[K \x1b[01;35m\x1b[Kwarning: \x1b[m\x1b[Kunused parameter \xe2\x80\x98\x1b[01m\x1b[Knodes\x1b[m\x1b[K\xe2\x80\x99 [\x1b[01;35m\x1b[K\x1b]8;;https://gcc.gnu.org/onlinedocs/gcc/Warning-Options.html#index-Wunused-parameter\x07-Wunused-parameter\x1b]8;;\x07\x1b[m\x1b[K]\n'}
[8.115010] (rplidar_ros) StderrLine: {'line': b'  880 |         sl_result getFrequency(const LidarScanMode& scanMode, \x1b[01;35m\x1b[Kconst sl_lidar_response_measurement_node_hq_t* nodes\x1b[m\x1b[K, size_t count, float& frequency)\n'}
[8.115140] (rplidar_ros) StderrLine: {'line': b'      |                                                               \x1b[01;35m\x1b[K~~~~~~~~~~~~~~~~~~~~~~~~~~~~~~~~~~~~~~~~~~~~~~~^~~~~\x1b[m\x1b[K\n'}
[8.119944] (rplidar_ros) StderrLine: {'line': b'\x1b[01m\x1b[K/home/ty/rplidar_sdk/src/rplidar_ros/sdk/src/sl_lidar_driver.cpp:\x1b[m\x1b[K In member function \xe2\x80\x98\x1b[01m\x1b[Kvirtual sl_result sl::SlamtecLidarDriver::getMotorInfo(sl::LidarMotorInfo&, sl_u32)\x1b[m\x1b[K\xe2\x80\x99:\n'}
[8.120369] (rplidar_ros) StderrLine: {'line': b'\x1b[01m\x1b[K/home/ty/rplidar_sdk/src/rplidar_ros/sdk/src/sl_lidar_driver.cpp:1023:66:\x1b[m\x1b[K \x1b[01;35m\x1b[Kwarning: \x1b[m\x1b[Kunused parameter \xe2\x80\x98\x1b[01m\x1b[KtimeoutInMs\x1b[m\x1b[K\xe2\x80\x99 [\x1b[01;35m\x1b[K\x1b]8;;https://gcc.gnu.org/onlinedocs/gcc/Warning-Options.html#index-Wunused-parameter\x07-Wunused-parameter\x1b]8;;\x07\x1b[m\x1b[K]\n'}
[8.120541] (rplidar_ros) StderrLine: {'line': b' 1023 |         sl_result getMotorInfo(LidarMotorInfo &motorInfo, \x1b[01;35m\x1b[Ksl_u32 timeoutInMs\x1b[m\x1b[K)\n'}
[8.120673] (rplidar_ros) StderrLine: {'line': b'      |                                                           \x1b[01;35m\x1b[K~~~~~~~^~~~~~~~~~~\x1b[m\x1b[K\n'}
[8.122589] (rplidar_ros) StderrLine: {'line': b'\x1b[01m\x1b[K/home/ty/rplidar_sdk/src/rplidar_ros/sdk/src/sl_lidar_driver.cpp:\x1b[m\x1b[K In member function \xe2\x80\x98\x1b[01m\x1b[Ku_result sl::SlamtecLidarDriver::getScanModeCount(sl_u16&, sl_u32)\x1b[m\x1b[K\xe2\x80\x99:\n'}
[8.122906] (rplidar_ros) StderrLine: {'line': b'\x1b[01m\x1b[K/home/ty/rplidar_sdk/src/rplidar_ros/sdk/src/sl_lidar_driver.cpp:1199:61:\x1b[m\x1b[K \x1b[01;35m\x1b[Kwarning: \x1b[m\x1b[Kunused parameter \xe2\x80\x98\x1b[01m\x1b[KtimeoutInMs\x1b[m\x1b[K\xe2\x80\x99 [\x1b[01;35m\x1b[K\x1b]8;;https://gcc.gnu.org/onlinedocs/gcc/Warning-Options.html#index-Wunused-parameter\x07-Wunused-parameter\x1b]8;;\x07\x1b[m\x1b[K]\n'}
[8.123123] (rplidar_ros) StderrLine: {'line': b' 1199 |         u_result getScanModeCount(sl_u16& modeCount, \x1b[01;35m\x1b[Ksl_u32 timeoutInMs = DEFAULT_TIMEOUT\x1b[m\x1b[K)\n'}
[8.123263] (rplidar_ros) StderrLine: {'line': b'      |                                                      \x1b[01;35m\x1b[K~~~~~~~^~~~~~~~~~~~~~~~~~~~~~~~~~~~~\x1b[m\x1b[K\n'}
[8.133558] (-) TimerEvent: {}
[8.227192] (rplidar_ros) StderrLine: {'line': b'/home/ty/rplidar_sdk/src/rplidar_ros/sdk/src/sl_lidar_driver.cpp: In instantiation of \xe2\x80\x98\x1b[01m\x1b[Kvoid sl::RawSampleNodeHolder<T>::pushNode(_u64, const T*) [with T = sl_lidar_response_measurement_node_hq_t; _u64 = long unsigned int]\x1b[m\x1b[K\xe2\x80\x99:\n'}
[8.227813] (rplidar_ros) StderrLine: {'line': b'\x1b[01m\x1b[K/home/ty/rplidar_sdk/src/rplidar_ros/sdk/src/sl_lidar_driver.cpp:1648:42:\x1b[m\x1b[K   required from here\n'}
[8.228052] (rplidar_ros) StderrLine: {'line': b'\x1b[01m\x1b[K/home/ty/rplidar_sdk/src/rplidar_ros/sdk/src/sl_lidar_driver.cpp:202:28:\x1b[m\x1b[K \x1b[01;35m\x1b[Kwarning: \x1b[m\x1b[Kunused parameter \xe2\x80\x98\x1b[01m\x1b[Ktimestamp_uS\x1b[m\x1b[K\xe2\x80\x99 [\x1b[01;35m\x1b[K\x1b]8;;https://gcc.gnu.org/onlinedocs/gcc/Warning-Options.html#index-Wunused-parameter\x07-Wunused-parameter\x1b]8;;\x07\x1b[m\x1b[K]\n'}
[8.228216] (rplidar_ros) StderrLine: {'line': b'  202 |         void pushNode(\x1b[01;35m\x1b[K_u64 timestamp_uS\x1b[m\x1b[K, const T* node)\n'}
[8.228352] (rplidar_ros) StderrLine: {'line': b'      |                       \x1b[01;35m\x1b[K~~~~~^~~~~~~~~~~~\x1b[m\x1b[K\n'}
[8.233745] (-) TimerEvent: {}
[8.323152] (rplidar_ros) StderrLine: {'line': b'In file included from \x1b[01m\x1b[K/home/ty/rplidar_sdk/src/rplidar_ros/sdk/src/sl_lidarprotocol_codec.cpp:49\x1b[m\x1b[K:\n'}
[8.323669] (rplidar_ros) StderrLine: {'line': b'\x1b[01m\x1b[K/home/ty/rplidar_sdk/src/rplidar_ros/sdk/src/sl_async_transceiver.h:\x1b[m\x1b[K In member function \xe2\x80\x98\x1b[01m\x1b[Kvirtual void sl::internal::IAsyncProtocolCodec::onChannelError(u_result)\x1b[m\x1b[K\xe2\x80\x99:\n'}
[8.323847] (rplidar_ros) StderrLine: {'line': b'\x1b[01m\x1b[K/home/ty/rplidar_sdk/src/rplidar_ros/sdk/src/sl_async_transceiver.h:90:48:\x1b[m\x1b[K \x1b[01;35m\x1b[Kwarning: \x1b[m\x1b[Kunused parameter \xe2\x80\x98\x1b[01m\x1b[KerrCode\x1b[m\x1b[K\xe2\x80\x99 [\x1b[01;35m\x1b[K\x1b]8;;https://gcc.gnu.org/onlinedocs/gcc/Warning-Options.html#index-Wunused-parameter\x07-Wunused-parameter\x1b]8;;\x07\x1b[m\x1b[K]\n'}
[8.323990] (rplidar_ros) StderrLine: {'line': b'   90 |         virtual void   onChannelError(\x1b[01;35m\x1b[Ku_result errCode\x1b[m\x1b[K) {}\n'}
[8.324117] (rplidar_ros) StderrLine: {'line': b'      |                                       \x1b[01;35m\x1b[K~~~~~~~~~^~~~~~~\x1b[m\x1b[K\n'}
[8.333948] (-) TimerEvent: {}
[8.408145] (rplidar_ros) StderrLine: {'line': b'In file included from \x1b[01m\x1b[K/home/ty/rplidar_sdk/src/rplidar_ros/sdk/include/sl_lidar_cmd.h:41\x1b[m\x1b[K,\n'}
[8.408629] (rplidar_ros) StderrLine: {'line': b'                 from \x1b[01m\x1b[K/home/ty/rplidar_sdk/src/rplidar_ros/sdk/include/sl_lidar_driver.h:54\x1b[m\x1b[K,\n'}
[8.408789] (rplidar_ros) StderrLine: {'line': b'                 from \x1b[01m\x1b[K/home/ty/rplidar_sdk/src/rplidar_ros/sdk/src/sl_serial_channel.cpp:33\x1b[m\x1b[K:\n'}
[8.408921] (rplidar_ros) StderrLine: {'line': b'\x1b[01m\x1b[K/home/ty/rplidar_sdk/src/rplidar_ros/sdk/include/sl_lidar_protocol.h:66:16:\x1b[m\x1b[K \x1b[01;35m\x1b[Kwarning: \x1b[m\x1b[KISO C++ forbids zero-size array \xe2\x80\x98\x1b[01m\x1b[Kdata\x1b[m\x1b[K\xe2\x80\x99 [\x1b[01;35m\x1b[K\x1b]8;;https://gcc.gnu.org/onlinedocs/gcc/Warning-Options.html#index-Wpedantic\x07-Wpedantic\x1b]8;;\x07\x1b[m\x1b[K]\n'}
[8.409083] (rplidar_ros) StderrLine: {'line': b'   66 |     sl_u8 data[\x1b[01;35m\x1b[K0\x1b[m\x1b[K];\n'}
[8.409207] (rplidar_ros) StderrLine: {'line': b'      |                \x1b[01;35m\x1b[K^\x1b[m\x1b[K\n'}
[8.409510] (rplidar_ros) StderrLine: {'line': b'In file included from \x1b[01m\x1b[K/home/ty/rplidar_sdk/src/rplidar_ros/sdk/include/sl_lidar_driver.h:54\x1b[m\x1b[K,\n'}
[8.409664] (rplidar_ros) StderrLine: {'line': b'                 from \x1b[01m\x1b[K/home/ty/rplidar_sdk/src/rplidar_ros/sdk/src/sl_serial_channel.cpp:33\x1b[m\x1b[K:\n'}
[8.409800] (rplidar_ros) StderrLine: {'line': b'\x1b[01m\x1b[K/home/ty/rplidar_sdk/src/rplidar_ros/sdk/include/sl_lidar_cmd.h:324:20:\x1b[m\x1b[K \x1b[01;35m\x1b[Kwarning: \x1b[m\x1b[KISO C++ forbids zero-size array \xe2\x80\x98\x1b[01m\x1b[Kpayload\x1b[m\x1b[K\xe2\x80\x99 [\x1b[01;35m\x1b[K\x1b]8;;https://gcc.gnu.org/onlinedocs/gcc/Warning-Options.html#index-Wpedantic\x07-Wpedantic\x1b]8;;\x07\x1b[m\x1b[K]\n'}
[8.409930] (rplidar_ros) StderrLine: {'line': b'  324 |     sl_u8  payload[\x1b[01;35m\x1b[K0\x1b[m\x1b[K];\n'}
[8.410046] (rplidar_ros) StderrLine: {'line': b'      |                    \x1b[01;35m\x1b[K^\x1b[m\x1b[K\n'}
[8.434153] (-) TimerEvent: {}
[8.506744] (rplidar_ros) StderrLine: {'line': b'\x1b[01m\x1b[K/home/ty/rplidar_sdk/src/rplidar_ros/sdk/src/sl_lidar_driver.cpp:\x1b[m\x1b[K At global scope:\n'}
[8.507203] (rplidar_ros) StderrLine: {'line': b'\x1b[01m\x1b[K/home/ty/rplidar_sdk/src/rplidar_ros/sdk/src/sl_lidar_driver.cpp:83:17:\x1b[m\x1b[K \x1b[01;35m\x1b[Kwarning: \x1b[m\x1b[K\xe2\x80\x98\x1b[01m\x1b[Kvoid sl::convert(const sl_lidar_response_measurement_node_hq_t&, sl_lidar_response_measurement_node_t&)\x1b[m\x1b[K\xe2\x80\x99 defined but not used [\x1b[01;35m\x1b[K\x1b]8;;https://gcc.gnu.org/onlinedocs/gcc/Warning-Options.html#index-Wunused-function\x07-Wunused-function\x1b]8;;\x07\x1b[m\x1b[K]\n'}
[8.507553] (rplidar_ros) StderrLine: {'line': b'   83 |     static void \x1b[01;35m\x1b[Kconvert\x1b[m\x1b[K(const sl_lidar_response_measurement_node_hq_t& from, sl_lidar_response_measurement_node_t& to)\n'}
[8.507720] (rplidar_ros) StderrLine: {'line': b'      |                 \x1b[01;35m\x1b[K^~~~~~~\x1b[m\x1b[K\n'}
[8.507883] (rplidar_ros) StderrLine: {'line': b'\x1b[01m\x1b[K/home/ty/rplidar_sdk/src/rplidar_ros/sdk/src/sl_lidar_driver.cpp:75:17:\x1b[m\x1b[K \x1b[01;35m\x1b[Kwarning: \x1b[m\x1b[K\xe2\x80\x98\x1b[01m\x1b[Kvoid sl::convert(const sl_lidar_response_measurement_node_t&, sl_lidar_response_measurement_node_hq_t&)\x1b[m\x1b[K\xe2\x80\x99 defined but not used [\x1b[01;35m\x1b[K\x1b]8;;https://gcc.gnu.org/onlinedocs/gcc/Warning-Options.html#index-Wunused-function\x07-Wunused-function\x1b]8;;\x07\x1b[m\x1b[K]\n'}
[8.508034] (rplidar_ros) StderrLine: {'line': b'   75 |     static void \x1b[01;35m\x1b[Kconvert\x1b[m\x1b[K(const sl_lidar_response_measurement_node_t& from, sl_lidar_response_measurement_node_hq_t& to)\n'}
[8.508154] (rplidar_ros) StderrLine: {'line': b'      |                 \x1b[01;35m\x1b[K^~~~~~~\x1b[m\x1b[K\n'}
[8.508265] (rplidar_ros) StderrLine: {'line': b'\x1b[01m\x1b[K/home/ty/rplidar_sdk/src/rplidar_ros/sdk/src/sl_lidar_driver.cpp:70:17:\x1b[m\x1b[K \x1b[01;35m\x1b[Kwarning: \x1b[m\x1b[K\xe2\x80\x98\x1b[01m\x1b[Kvoid sl::printDeprecationWarn(const char*, const char*)\x1b[m\x1b[K\xe2\x80\x99 defined but not used [\x1b[01;35m\x1b[K\x1b]8;;https://gcc.gnu.org/onlinedocs/gcc/Warning-Options.html#index-Wunused-function\x07-Wunused-function\x1b]8;;\x07\x1b[m\x1b[K]\n'}
[8.508400] (rplidar_ros) StderrLine: {'line': b'   70 |     static void \x1b[01;35m\x1b[KprintDeprecationWarn\x1b[m\x1b[K(const char* fn, const char* replacement)\n'}
[8.508514] (rplidar_ros) StderrLine: {'line': b'      |                 \x1b[01;35m\x1b[K^~~~~~~~~~~~~~~~~~~~\x1b[m\x1b[K\n'}
[8.534367] (-) TimerEvent: {}
[8.537797] (rplidar_ros) StdoutLine: {'line': b'[ 47%] \x1b[32mBuilding CXX object CMakeFiles/rplidar_node.dir/sdk/src/sl_tcp_channel.cpp.o\x1b[0m\n'}
[8.567014] (rplidar_ros) StdoutLine: {'line': b'[ 50%] \x1b[32mBuilding CXX object CMakeFiles/rplidar_node.dir/sdk/src/sl_udp_channel.cpp.o\x1b[0m\n'}
[8.635090] (-) TimerEvent: {}
[8.735778] (-) TimerEvent: {}
[8.836487] (-) TimerEvent: {}
[8.937255] (-) TimerEvent: {}
[9.038032] (-) TimerEvent: {}
[9.043309] (rplidar_ros) StderrLine: {'line': b'In file included from \x1b[01m\x1b[K/home/ty/rplidar_sdk/src/rplidar_ros/sdk/include/sl_lidar_cmd.h:41\x1b[m\x1b[K,\n'}
[9.043981] (rplidar_ros) StderrLine: {'line': b'                 from \x1b[01m\x1b[K/home/ty/rplidar_sdk/src/rplidar_ros/sdk/include/sl_lidar_driver.h:54\x1b[m\x1b[K,\n'}
[9.044292] (rplidar_ros) StderrLine: {'line': b'                 from \x1b[01m\x1b[K/home/ty/rplidar_sdk/src/rplidar_ros/sdk/include/sl_lidar.h:36\x1b[m\x1b[K,\n'}
[9.044551] (rplidar_ros) StderrLine: {'line': b'                 from \x1b[01m\x1b[K/home/ty/rplidar_sdk/src/rplidar_ros/src/rplidar_node.cpp:38\x1b[m\x1b[K:\n'}
[9.044817] (rplidar_ros) StderrLine: {'line': b'\x1b[01m\x1b[K/home/ty/rplidar_sdk/src/rplidar_ros/sdk/include/sl_lidar_protocol.h:66:16:\x1b[m\x1b[K \x1b[01;35m\x1b[Kwarning: \x1b[m\x1b[KISO C++ forbids zero-size array \xe2\x80\x98\x1b[01m\x1b[Kdata\x1b[m\x1b[K\xe2\x80\x99 [\x1b[01;35m\x1b[K\x1b]8;;https://gcc.gnu.org/onlinedocs/gcc/Warning-Options.html#index-Wpedantic\x07-Wpedantic\x1b]8;;\x07\x1b[m\x1b[K]\n'}
[9.045089] (rplidar_ros) StderrLine: {'line': b'   66 |     sl_u8 data[\x1b[01;35m\x1b[K0\x1b[m\x1b[K];\n'}
[9.045317] (rplidar_ros) StderrLine: {'line': b'      |                \x1b[01;35m\x1b[K^\x1b[m\x1b[K\n'}
[9.046834] (rplidar_ros) StderrLine: {'line': b'In file included from \x1b[01m\x1b[K/home/ty/rplidar_sdk/src/rplidar_ros/sdk/include/sl_lidar_driver.h:54\x1b[m\x1b[K,\n'}
[9.047340] (rplidar_ros) StderrLine: {'line': b'                 from \x1b[01m\x1b[K/home/ty/rplidar_sdk/src/rplidar_ros/sdk/include/sl_lidar.h:36\x1b[m\x1b[K,\n'}
[9.047827] (rplidar_ros) StderrLine: {'line': b'                 from \x1b[01m\x1b[K/home/ty/rplidar_sdk/src/rplidar_ros/src/rplidar_node.cpp:38\x1b[m\x1b[K:\n'}
[9.048138] (rplidar_ros) StderrLine: {'line': b'\x1b[01m\x1b[K/home/ty/rplidar_sdk/src/rplidar_ros/sdk/include/sl_lidar_cmd.h:324:20:\x1b[m\x1b[K \x1b[01;35m\x1b[Kwarning: \x1b[m\x1b[KISO C++ forbids zero-size array \xe2\x80\x98\x1b[01m\x1b[Kpayload\x1b[m\x1b[K\xe2\x80\x99 [\x1b[01;35m\x1b[K\x1b]8;;https://gcc.gnu.org/onlinedocs/gcc/Warning-Options.html#index-Wpedantic\x07-Wpedantic\x1b]8;;\x07\x1b[m\x1b[K]\n'}
[9.048307] (rplidar_ros) StderrLine: {'line': b'  324 |     sl_u8  payload[\x1b[01;35m\x1b[K0\x1b[m\x1b[K];\n'}
[9.048441] (rplidar_ros) StderrLine: {'line': b'      |                    \x1b[01;35m\x1b[K^\x1b[m\x1b[K\n'}
[9.066943] (rplidar_ros) StderrLine: {'line': b'In file included from \x1b[01m\x1b[K/home/ty/rplidar_sdk/src/rplidar_ros/sdk/include/sl_lidar_cmd.h:41\x1b[m\x1b[K,\n'}
[9.067647] (rplidar_ros) StderrLine: {'line': b'                 from \x1b[01m\x1b[K/home/ty/rplidar_sdk/src/rplidar_ros/sdk/include/sl_lidar_driver.h:54\x1b[m\x1b[K,\n'}
[9.068020] (rplidar_ros) StderrLine: {'line': b'                 from \x1b[01m\x1b[K/home/ty/rplidar_sdk/src/rplidar_ros/sdk/src/sl_tcp_channel.cpp:33\x1b[m\x1b[K:\n'}
[9.068335] (rplidar_ros) StderrLine: {'line': b'\x1b[01m\x1b[K/home/ty/rplidar_sdk/src/rplidar_ros/sdk/include/sl_lidar_protocol.h:66:16:\x1b[m\x1b[K \x1b[01;35m\x1b[Kwarning: \x1b[m\x1b[KISO C++ forbids zero-size array \xe2\x80\x98\x1b[01m\x1b[Kdata\x1b[m\x1b[K\xe2\x80\x99 [\x1b[01;35m\x1b[K\x1b]8;;https://gcc.gnu.org/onlinedocs/gcc/Warning-Options.html#index-Wpedantic\x07-Wpedantic\x1b]8;;\x07\x1b[m\x1b[K]\n'}
[9.068610] (rplidar_ros) StderrLine: {'line': b'   66 |     sl_u8 data[\x1b[01;35m\x1b[K0\x1b[m\x1b[K];\n'}
[9.068853] (rplidar_ros) StderrLine: {'line': b'      |                \x1b[01;35m\x1b[K^\x1b[m\x1b[K\n'}
[9.070375] (rplidar_ros) StderrLine: {'line': b'In file included from \x1b[01m\x1b[K/home/ty/rplidar_sdk/src/rplidar_ros/sdk/include/sl_lidar_driver.h:54\x1b[m\x1b[K,\n'}
[9.070790] (rplidar_ros) StderrLine: {'line': b'                 from \x1b[01m\x1b[K/home/ty/rplidar_sdk/src/rplidar_ros/sdk/src/sl_tcp_channel.cpp:33\x1b[m\x1b[K:\n'}
[9.071101] (rplidar_ros) StderrLine: {'line': b'\x1b[01m\x1b[K/home/ty/rplidar_sdk/src/rplidar_ros/sdk/include/sl_lidar_cmd.h:324:20:\x1b[m\x1b[K \x1b[01;35m\x1b[Kwarning: \x1b[m\x1b[KISO C++ forbids zero-size array \xe2\x80\x98\x1b[01m\x1b[Kpayload\x1b[m\x1b[K\xe2\x80\x99 [\x1b[01;35m\x1b[K\x1b]8;;https://gcc.gnu.org/onlinedocs/gcc/Warning-Options.html#index-Wpedantic\x07-Wpedantic\x1b]8;;\x07\x1b[m\x1b[K]\n'}
[9.071385] (rplidar_ros) StderrLine: {'line': b'  324 |     sl_u8  payload[\x1b[01;35m\x1b[K0\x1b[m\x1b[K];\n'}
[9.071671] (rplidar_ros) StderrLine: {'line': b'      |                    \x1b[01;35m\x1b[K^\x1b[m\x1b[K\n'}
[9.081719] (rplidar_ros) StderrLine: {'line': b'\x1b[01m\x1b[K/home/ty/rplidar_sdk/src/rplidar_ros/sdk/src/sl_tcp_channel.cpp:\x1b[m\x1b[K In member function \xe2\x80\x98\x1b[01m\x1b[Kvoid sl::TcpChannel::setStatus(_u32)\x1b[m\x1b[K\xe2\x80\x99:\n'}
[9.082290] (rplidar_ros) StderrLine: {'line': b'\x1b[01m\x1b[K/home/ty/rplidar_sdk/src/rplidar_ros/sdk/src/sl_tcp_channel.cpp:109:29:\x1b[m\x1b[K \x1b[01;35m\x1b[Kwarning: \x1b[m\x1b[Kunused parameter \xe2\x80\x98\x1b[01m\x1b[Kflag\x1b[m\x1b[K\xe2\x80\x99 [\x1b[01;35m\x1b[K\x1b]8;;https://gcc.gnu.org/onlinedocs/gcc/Warning-Options.html#index-Wunused-parameter\x07-Wunused-parameter\x1b]8;;\x07\x1b[m\x1b[K]\n'}
[9.082615] (rplidar_ros) StderrLine: {'line': b'  109 |         void setStatus(\x1b[01;35m\x1b[K_u32 flag\x1b[m\x1b[K){}\n'}
[9.082864] (rplidar_ros) StderrLine: {'line': b'      |                        \x1b[01;35m\x1b[K~~~~~^~~~\x1b[m\x1b[K\n'}
[9.127782] (rplidar_ros) StderrLine: {'line': b'In file included from \x1b[01m\x1b[K/home/ty/rplidar_sdk/src/rplidar_ros/sdk/include/sl_lidar_cmd.h:41\x1b[m\x1b[K,\n'}
[9.128491] (rplidar_ros) StderrLine: {'line': b'                 from \x1b[01m\x1b[K/home/ty/rplidar_sdk/src/rplidar_ros/sdk/include/sl_lidar_driver.h:54\x1b[m\x1b[K,\n'}
[9.128690] (rplidar_ros) StderrLine: {'line': b'                 from \x1b[01m\x1b[K/home/ty/rplidar_sdk/src/rplidar_ros/sdk/src/sl_udp_channel.cpp:33\x1b[m\x1b[K:\n'}
[9.128846] (rplidar_ros) StderrLine: {'line': b'\x1b[01m\x1b[K/home/ty/rplidar_sdk/src/rplidar_ros/sdk/include/sl_lidar_protocol.h:66:16:\x1b[m\x1b[K \x1b[01;35m\x1b[Kwarning: \x1b[m\x1b[KISO C++ forbids zero-size array \xe2\x80\x98\x1b[01m\x1b[Kdata\x1b[m\x1b[K\xe2\x80\x99 [\x1b[01;35m\x1b[K\x1b]8;;https://gcc.gnu.org/onlinedocs/gcc/Warning-Options.html#index-Wpedantic\x07-Wpedantic\x1b]8;;\x07\x1b[m\x1b[K]\n'}
[9.129161] (rplidar_ros) StderrLine: {'line': b'   66 |     sl_u8 data[\x1b[01;35m\x1b[K0\x1b[m\x1b[K];\n'}
[9.129295] (rplidar_ros) StderrLine: {'line': b'      |                \x1b[01;35m\x1b[K^\x1b[m\x1b[K\n'}
[9.129413] (rplidar_ros) StderrLine: {'line': b'In file included from \x1b[01m\x1b[K/home/ty/rplidar_sdk/src/rplidar_ros/sdk/include/sl_lidar_driver.h:54\x1b[m\x1b[K,\n'}
[9.129659] (rplidar_ros) StderrLine: {'line': b'                 from \x1b[01m\x1b[K/home/ty/rplidar_sdk/src/rplidar_ros/sdk/src/sl_udp_channel.cpp:33\x1b[m\x1b[K:\n'}
[9.129800] (rplidar_ros) StderrLine: {'line': b'\x1b[01m\x1b[K/home/ty/rplidar_sdk/src/rplidar_ros/sdk/include/sl_lidar_cmd.h:324:20:\x1b[m\x1b[K \x1b[01;35m\x1b[Kwarning: \x1b[m\x1b[KISO C++ forbids zero-size array \xe2\x80\x98\x1b[01m\x1b[Kpayload\x1b[m\x1b[K\xe2\x80\x99 [\x1b[01;35m\x1b[K\x1b]8;;https://gcc.gnu.org/onlinedocs/gcc/Warning-Options.html#index-Wpedantic\x07-Wpedantic\x1b]8;;\x07\x1b[m\x1b[K]\n'}
[9.129930] (rplidar_ros) StderrLine: {'line': b'  324 |     sl_u8  payload[\x1b[01;35m\x1b[K0\x1b[m\x1b[K];\n'}
[9.130046] (rplidar_ros) StderrLine: {'line': b'      |                    \x1b[01;35m\x1b[K^\x1b[m\x1b[K\n'}
[9.130346] (rplidar_ros) StderrLine: {'line': b'In file included from \x1b[01m\x1b[K/home/ty/rplidar_sdk/src/rplidar_ros/sdk/include/sl_lidar_cmd.h:41\x1b[m\x1b[K,\n'}
[9.130602] (rplidar_ros) StderrLine: {'line': b'                 from \x1b[01m\x1b[K/home/ty/rplidar_sdk/src/rplidar_ros/sdk/include/sl_lidar_driver.h:54\x1b[m\x1b[K,\n'}
[9.130743] (rplidar_ros) StderrLine: {'line': b'                 from \x1b[01m\x1b[K/home/ty/rplidar_sdk/src/rplidar_ros/sdk/include/sl_lidar.h:36\x1b[m\x1b[K,\n'}
[9.130865] (rplidar_ros) StderrLine: {'line': b'                 from \x1b[01m\x1b[K/home/ty/rplidar_sdk/src/rplidar_ros/src/rplidar_node.cpp:38\x1b[m\x1b[K:\n'}
[9.130986] (rplidar_ros) StderrLine: {'line': b'\x1b[01m\x1b[K/home/ty/rplidar_sdk/src/rplidar_ros/sdk/include/sl_lidar_protocol.h:66:16:\x1b[m\x1b[K \x1b[01;35m\x1b[Kwarning: \x1b[m\x1b[KISO C++ forbids zero-size array \xe2\x80\x98\x1b[01m\x1b[Kdata\x1b[m\x1b[K\xe2\x80\x99 [\x1b[01;35m\x1b[K\x1b]8;;https://gcc.gnu.org/onlinedocs/gcc/Warning-Options.html#index-Wpedantic\x07-Wpedantic\x1b]8;;\x07\x1b[m\x1b[K]\n'}
[9.131106] (rplidar_ros) StderrLine: {'line': b'   66 |     sl_u8 data[\x1b[01;35m\x1b[K0\x1b[m\x1b[K];\n'}
[9.131215] (rplidar_ros) StderrLine: {'line': b'      |                \x1b[01;35m\x1b[K^\x1b[m\x1b[K\n'}
[9.131466] (rplidar_ros) StderrLine: {'line': b'In file included from \x1b[01m\x1b[K/home/ty/rplidar_sdk/src/rplidar_ros/sdk/include/sl_lidar_driver.h:54\x1b[m\x1b[K,\n'}
[9.131636] (rplidar_ros) StderrLine: {'line': b'                 from \x1b[01m\x1b[K/home/ty/rplidar_sdk/src/rplidar_ros/sdk/include/sl_lidar.h:36\x1b[m\x1b[K,\n'}
[9.131756] (rplidar_ros) StderrLine: {'line': b'                 from \x1b[01m\x1b[K/home/ty/rplidar_sdk/src/rplidar_ros/src/rplidar_node.cpp:38\x1b[m\x1b[K:\n'}
[9.131892] (rplidar_ros) StderrLine: {'line': b'\x1b[01m\x1b[K/home/ty/rplidar_sdk/src/rplidar_ros/sdk/include/sl_lidar_cmd.h:324:20:\x1b[m\x1b[K \x1b[01;35m\x1b[Kwarning: \x1b[m\x1b[KISO C++ forbids zero-size array \xe2\x80\x98\x1b[01m\x1b[Kpayload\x1b[m\x1b[K\xe2\x80\x99 [\x1b[01;35m\x1b[K\x1b]8;;https://gcc.gnu.org/onlinedocs/gcc/Warning-Options.html#index-Wpedantic\x07-Wpedantic\x1b]8;;\x07\x1b[m\x1b[K]\n'}
[9.132012] (rplidar_ros) StderrLine: {'line': b'  324 |     sl_u8  payload[\x1b[01;35m\x1b[K0\x1b[m\x1b[K];\n'}
[9.132122] (rplidar_ros) StderrLine: {'line': b'      |                    \x1b[01;35m\x1b[K^\x1b[m\x1b[K\n'}
[9.138240] (-) TimerEvent: {}
[9.138908] (rplidar_ros) StderrLine: {'line': b'\x1b[01m\x1b[K/home/ty/rplidar_sdk/src/rplidar_ros/sdk/src/sl_udp_channel.cpp:\x1b[m\x1b[K In member function \xe2\x80\x98\x1b[01m\x1b[Kvoid sl::UdpChannel::setStatus(_u32)\x1b[m\x1b[K\xe2\x80\x99:\n'}
[9.139221] (rplidar_ros) StderrLine: {'line': b'\x1b[01m\x1b[K/home/ty/rplidar_sdk/src/rplidar_ros/sdk/src/sl_udp_channel.cpp:112:29:\x1b[m\x1b[K \x1b[01;35m\x1b[Kwarning: \x1b[m\x1b[Kunused parameter \xe2\x80\x98\x1b[01m\x1b[Kflag\x1b[m\x1b[K\xe2\x80\x99 [\x1b[01;35m\x1b[K\x1b]8;;https://gcc.gnu.org/onlinedocs/gcc/Warning-Options.html#index-Wunused-parameter\x07-Wunused-parameter\x1b]8;;\x07\x1b[m\x1b[K]\n'}
[9.139404] (rplidar_ros) StderrLine: {'line': b'  112 |         void setStatus(\x1b[01;35m\x1b[K_u32 flag\x1b[m\x1b[K){}\n'}
[9.139586] (rplidar_ros) StderrLine: {'line': b'      |                        \x1b[01;35m\x1b[K~~~~~^~~~\x1b[m\x1b[K\n'}
[9.208597] (rplidar_ros) StdoutLine: {'line': b'[ 52%] \x1b[32mBuilding CXX object CMakeFiles/rplidar_composition.dir/sdk/src/arch/linux/net_serial.cpp.o\x1b[0m\n'}
[9.238651] (-) TimerEvent: {}
[9.273631] (rplidar_ros) StdoutLine: {'line': b'[ 55%] \x1b[32mBuilding CXX object CMakeFiles/rplidar_composition.dir/sdk/src/arch/linux/net_socket.cpp.o\x1b[0m\n'}
[9.325750] (rplidar_ros) StdoutLine: {'line': b'[ 57%] \x1b[32mBuilding CXX object CMakeFiles/rplidar_composition.dir/sdk/src/arch/linux/timer.cpp.o\x1b[0m\n'}
[9.338872] (-) TimerEvent: {}
[9.439616] (-) TimerEvent: {}
[9.540321] (-) TimerEvent: {}
[9.641056] (-) TimerEvent: {}
[9.741832] (-) TimerEvent: {}
[9.842577] (-) TimerEvent: {}
[9.943321] (-) TimerEvent: {}
[10.044082] (-) TimerEvent: {}
[10.135072] (rplidar_ros) StderrLine: {'line': b'In file included from \x1b[01m\x1b[K/home/ty/rplidar_sdk/src/rplidar_ros/sdk/include/rplidar_protocol.h:36\x1b[m\x1b[K,\n'}
[10.135584] (rplidar_ros) StderrLine: {'line': b'                 from \x1b[01m\x1b[K/home/ty/rplidar_sdk/src/rplidar_ros/sdk/include/rplidar.h:39\x1b[m\x1b[K,\n'}
[10.135771] (rplidar_ros) StderrLine: {'line': b'                 from \x1b[01m\x1b[K/home/ty/rplidar_sdk/src/rplidar_ros/sdk/src/sdkcommon.h:49\x1b[m\x1b[K,\n'}
[10.135909] (rplidar_ros) StderrLine: {'line': b'                 from \x1b[01m\x1b[K/home/ty/rplidar_sdk/src/rplidar_ros/sdk/src/arch/linux/net_socket.cpp:10\x1b[m\x1b[K:\n'}
[10.136034] (rplidar_ros) StderrLine: {'line': b'\x1b[01m\x1b[K/home/ty/rplidar_sdk/src/rplidar_ros/sdk/include/sl_lidar_protocol.h:66:16:\x1b[m\x1b[K \x1b[01;35m\x1b[Kwarning: \x1b[m\x1b[KISO C++ forbids zero-size array \xe2\x80\x98\x1b[01m\x1b[Kdata\x1b[m\x1b[K\xe2\x80\x99 [\x1b[01;35m\x1b[K\x1b]8;;https://gcc.gnu.org/onlinedocs/gcc/Warning-Options.html#index-Wpedantic\x07-Wpedantic\x1b]8;;\x07\x1b[m\x1b[K]\n'}
[10.136168] (rplidar_ros) StderrLine: {'line': b'   66 |     sl_u8 data[\x1b[01;35m\x1b[K0\x1b[m\x1b[K];\n'}
[10.136285] (rplidar_ros) StderrLine: {'line': b'      |                \x1b[01;35m\x1b[K^\x1b[m\x1b[K\n'}
[10.136853] (rplidar_ros) StderrLine: {'line': b'In file included from \x1b[01m\x1b[K/home/ty/rplidar_sdk/src/rplidar_ros/sdk/include/rplidar_cmd.h:36\x1b[m\x1b[K,\n'}
[10.137144] (rplidar_ros) StderrLine: {'line': b'                 from \x1b[01m\x1b[K/home/ty/rplidar_sdk/src/rplidar_ros/sdk/include/rplidar.h:40\x1b[m\x1b[K,\n'}
[10.137332] (rplidar_ros) StderrLine: {'line': b'                 from \x1b[01m\x1b[K/home/ty/rplidar_sdk/src/rplidar_ros/sdk/src/sdkcommon.h:49\x1b[m\x1b[K,\n'}
[10.137469] (rplidar_ros) StderrLine: {'line': b'                 from \x1b[01m\x1b[K/home/ty/rplidar_sdk/src/rplidar_ros/sdk/src/arch/linux/net_socket.cpp:10\x1b[m\x1b[K:\n'}
[10.137596] (rplidar_ros) StderrLine: {'line': b'\x1b[01m\x1b[K/home/ty/rplidar_sdk/src/rplidar_ros/sdk/include/sl_lidar_cmd.h:324:20:\x1b[m\x1b[K \x1b[01;35m\x1b[Kwarning: \x1b[m\x1b[KISO C++ forbids zero-size array \xe2\x80\x98\x1b[01m\x1b[Kpayload\x1b[m\x1b[K\xe2\x80\x99 [\x1b[01;35m\x1b[K\x1b]8;;https://gcc.gnu.org/onlinedocs/gcc/Warning-Options.html#index-Wpedantic\x07-Wpedantic\x1b]8;;\x07\x1b[m\x1b[K]\n'}
[10.137736] (rplidar_ros) StderrLine: {'line': b'  324 |     sl_u8  payload[\x1b[01;35m\x1b[K0\x1b[m\x1b[K];\n'}
[10.137856] (rplidar_ros) StderrLine: {'line': b'      |                    \x1b[01;35m\x1b[K^\x1b[m\x1b[K\n'}
[10.144258] (-) TimerEvent: {}
[10.186880] (rplidar_ros) StdoutLine: {'line': b'[ 60%] \x1b[32mBuilding CXX object CMakeFiles/rplidar_composition.dir/sdk/src/dataunpacker/dataunpacker.cpp.o\x1b[0m\n'}
[10.207405] (rplidar_ros) StderrLine: {'line': b'\x1b[01m\x1b[K/home/ty/rplidar_sdk/src/rplidar_ros/sdk/src/arch/linux/net_serial.cpp:\x1b[m\x1b[K In member function \xe2\x80\x98\x1b[01m\x1b[Kbool rp::arch::net::raw_serial::open(const char*, uint32_t, uint32_t)\x1b[m\x1b[K\xe2\x80\x99:\n'}
[10.207956] (rplidar_ros) StderrLine: {'line': b'\x1b[01m\x1b[K/home/ty/rplidar_sdk/src/rplidar_ros/sdk/src/arch/linux/net_serial.cpp:97:74:\x1b[m\x1b[K \x1b[01;35m\x1b[Kwarning: \x1b[m\x1b[Kunused parameter \xe2\x80\x98\x1b[01m\x1b[Kflags\x1b[m\x1b[K\xe2\x80\x99 [\x1b[01;35m\x1b[K\x1b]8;;https://gcc.gnu.org/onlinedocs/gcc/Warning-Options.html#index-Wunused-parameter\x07-Wunused-parameter\x1b]8;;\x07\x1b[m\x1b[K]\n'}
[10.208135] (rplidar_ros) StderrLine: {'line': b'   97 | bool raw_serial::open(const char * portname, uint32_t baudrate, \x1b[01;35m\x1b[Kuint32_t flags\x1b[m\x1b[K)\n'}
[10.208293] (rplidar_ros) StderrLine: {'line': b'      |                                                                 \x1b[01;35m\x1b[K~~~~~~~~~^~~~~\x1b[m\x1b[K\n'}
[10.208684] (rplidar_ros) StderrLine: {'line': b'\x1b[01m\x1b[K/home/ty/rplidar_sdk/src/rplidar_ros/sdk/src/arch/linux/net_serial.cpp:\x1b[m\x1b[K In member function \xe2\x80\x98\x1b[01m\x1b[Kvirtual void rp::arch::net::raw_serial::flush(_u32)\x1b[m\x1b[K\xe2\x80\x99:\n'}
[10.208850] (rplidar_ros) StderrLine: {'line': b'\x1b[01m\x1b[K/home/ty/rplidar_sdk/src/rplidar_ros/sdk/src/arch/linux/net_serial.cpp:281:30:\x1b[m\x1b[K \x1b[01;35m\x1b[Kwarning: \x1b[m\x1b[Kunused parameter \xe2\x80\x98\x1b[01m\x1b[Kflags\x1b[m\x1b[K\xe2\x80\x99 [\x1b[01;35m\x1b[K\x1b]8;;https://gcc.gnu.org/onlinedocs/gcc/Warning-Options.html#index-Wunused-parameter\x07-Wunused-parameter\x1b]8;;\x07\x1b[m\x1b[K]\n'}
[10.208987] (rplidar_ros) StderrLine: {'line': b'  281 | void raw_serial::flush( \x1b[01;35m\x1b[K_u32 flags\x1b[m\x1b[K)\n'}
[10.209109] (rplidar_ros) StderrLine: {'line': b'      |                         \x1b[01;35m\x1b[K~~~~~^~~~~\x1b[m\x1b[K\n'}
[10.209224] (rplidar_ros) StderrLine: {'line': b'\x1b[01m\x1b[K/home/ty/rplidar_sdk/src/rplidar_ros/sdk/src/arch/linux/net_serial.cpp:\x1b[m\x1b[K In member function \xe2\x80\x98\x1b[01m\x1b[Kvirtual int rp::arch::net::raw_serial::waitforsent(_u32, size_t*)\x1b[m\x1b[K\xe2\x80\x99:\n'}
[10.209340] (rplidar_ros) StderrLine: {'line': b'\x1b[01m\x1b[K/home/ty/rplidar_sdk/src/rplidar_ros/sdk/src/arch/linux/net_serial.cpp:286:34:\x1b[m\x1b[K \x1b[01;35m\x1b[Kwarning: \x1b[m\x1b[Kunused parameter \xe2\x80\x98\x1b[01m\x1b[Ktimeout\x1b[m\x1b[K\xe2\x80\x99 [\x1b[01;35m\x1b[K\x1b]8;;https://gcc.gnu.org/onlinedocs/gcc/Warning-Options.html#index-Wunused-parameter\x07-Wunused-parameter\x1b]8;;\x07\x1b[m\x1b[K]\n'}
[10.209499] (rplidar_ros) StderrLine: {'line': b'  286 | int raw_serial::waitforsent(\x1b[01;35m\x1b[K_u32 timeout\x1b[m\x1b[K, size_t * returned_size)\n'}
[10.209621] (rplidar_ros) StderrLine: {'line': b'      |                             \x1b[01;35m\x1b[K~~~~~^~~~~~~\x1b[m\x1b[K\n'}
[10.209753] (rplidar_ros) StderrLine: {'line': b'\x1b[01m\x1b[K/home/ty/rplidar_sdk/src/rplidar_ros/sdk/src/arch/linux/net_serial.cpp:\x1b[m\x1b[K In member function \xe2\x80\x98\x1b[01m\x1b[Kvirtual int rp::arch::net::raw_serial::waitforrecv(_u32, size_t*)\x1b[m\x1b[K\xe2\x80\x99:\n'}
[10.209870] (rplidar_ros) StderrLine: {'line': b'\x1b[01m\x1b[K/home/ty/rplidar_sdk/src/rplidar_ros/sdk/src/arch/linux/net_serial.cpp:292:34:\x1b[m\x1b[K \x1b[01;35m\x1b[Kwarning: \x1b[m\x1b[Kunused parameter \xe2\x80\x98\x1b[01m\x1b[Ktimeout\x1b[m\x1b[K\xe2\x80\x99 [\x1b[01;35m\x1b[K\x1b]8;;https://gcc.gnu.org/onlinedocs/gcc/Warning-Options.html#index-Wunused-parameter\x07-Wunused-parameter\x1b]8;;\x07\x1b[m\x1b[K]\n'}
[10.209989] (rplidar_ros) StderrLine: {'line': b'  292 | int raw_serial::waitforrecv(\x1b[01;35m\x1b[K_u32 timeout\x1b[m\x1b[K, size_t * returned_size)\n'}
[10.210099] (rplidar_ros) StderrLine: {'line': b'      |                             \x1b[01;35m\x1b[K~~~~~^~~~~~~\x1b[m\x1b[K\n'}
[10.211783] (rplidar_ros) StderrLine: {'line': b'\x1b[01m\x1b[K/home/ty/rplidar_sdk/src/rplidar_ros/sdk/src/arch/linux/net_serial.cpp:\x1b[m\x1b[K In member function \xe2\x80\x98\x1b[01m\x1b[Kvirtual void rp::arch::net::raw_serial::cancelOperation()\x1b[m\x1b[K\xe2\x80\x99:\n'}
[10.212113] (rplidar_ros) StderrLine: {'line': b'\x1b[01m\x1b[K/home/ty/rplidar_sdk/src/rplidar_ros/sdk/src/arch/linux/net_serial.cpp:427:5:\x1b[m\x1b[K \x1b[01;35m\x1b[Kwarning: \x1b[m\x1b[Kvalue computed is not used [\x1b[01;35m\x1b[K\x1b]8;;https://gcc.gnu.org/onlinedocs/gcc/Warning-Options.html#index-Wunused-value\x07-Wunused-value\x1b]8;;\x07\x1b[m\x1b[K]\n'}
[10.212270] (rplidar_ros) StderrLine: {'line': b'  427 |     \x1b[01;35m\x1b[K(int)::write(_selfpipe[1], "x", 1)\x1b[m\x1b[K;\n'}
[10.212400] (rplidar_ros) StderrLine: {'line': b'      |     \x1b[01;35m\x1b[K^~~~~~~~~~~~~~~~~~~~~~~~~~~~~~~~~~\x1b[m\x1b[K\n'}
[10.244463] (-) TimerEvent: {}
[10.267926] (rplidar_ros) StderrLine: {'line': b'In file included from \x1b[01m\x1b[K/home/ty/rplidar_sdk/src/rplidar_ros/sdk/src/arch/linux/arch_linux.h:42\x1b[m\x1b[K,\n'}
[10.268452] (rplidar_ros) StderrLine: {'line': b'                 from \x1b[01m\x1b[K/home/ty/rplidar_sdk/src/rplidar_ros/sdk/src/sdkcommon.h:41\x1b[m\x1b[K,\n'}
[10.268624] (rplidar_ros) StderrLine: {'line': b'                 from \x1b[01m\x1b[K/home/ty/rplidar_sdk/src/rplidar_ros/sdk/src/arch/linux/net_socket.cpp:10\x1b[m\x1b[K:\n'}
[10.268795] (rplidar_ros) StderrLine: {'line': b'\x1b[01m\x1b[K/home/ty/rplidar_sdk/src/rplidar_ros/sdk/src/arch/linux/net_socket.cpp:\x1b[m\x1b[K In member function \xe2\x80\x98\x1b[01m\x1b[Kvirtual u_result rp::arch::net::DGramSocketImpl::sendTo(const rp::net::SocketAddress*, const void*, size_t)\x1b[m\x1b[K\xe2\x80\x99:\n'}
[10.268933] (rplidar_ros) StderrLine: {'line': b'\x1b[01m\x1b[K/home/ty/rplidar_sdk/src/rplidar_ros/sdk/src/arch/linux/net_socket.cpp:733:24:\x1b[m\x1b[K \x1b[01;35m\x1b[Kwarning: \x1b[m\x1b[Kcomparison of integer expressions of different signedness: \xe2\x80\x98\x1b[01m\x1b[Kint\x1b[m\x1b[K\xe2\x80\x99 and \xe2\x80\x98\x1b[01m\x1b[Ksize_t\x1b[m\x1b[K\xe2\x80\x99 {aka \xe2\x80\x98\x1b[01m\x1b[Klong unsigned int\x1b[m\x1b[K\xe2\x80\x99} [\x1b[01;35m\x1b[K\x1b]8;;https://gcc.gnu.org/onlinedocs/gcc/Warning-Options.html#index-Wsign-compare\x07-Wsign-compare\x1b]8;;\x07\x1b[m\x1b[K]\n'}
[10.269070] (rplidar_ros) StderrLine: {'line': b'  733 |             assert(\x1b[01;35m\x1b[Kans == len\x1b[m\x1b[K);\n'}
[10.269190] (rplidar_ros) StderrLine: {'line': b'      |                    \x1b[01;35m\x1b[K~~~~^~~~~~\x1b[m\x1b[K\n'}
[10.344661] (-) TimerEvent: {}
[10.426502] (rplidar_ros) StdoutLine: {'line': b'[ 63%] \x1b[32mBuilding CXX object CMakeFiles/rplidar_composition.dir/sdk/src/dataunpacker/unpacker/handler_capsules.cpp.o\x1b[0m\n'}
[10.444868] (-) TimerEvent: {}
[10.545607] (-) TimerEvent: {}
[10.646308] (-) TimerEvent: {}
[10.674392] (rplidar_ros) StdoutLine: {'line': b'[ 65%] \x1b[32mBuilding CXX object CMakeFiles/rplidar_composition.dir/sdk/src/dataunpacker/unpacker/handler_hqnode.cpp.o\x1b[0m\n'}
[10.746527] (-) TimerEvent: {}
[10.847268] (-) TimerEvent: {}
[10.947991] (-) TimerEvent: {}
[10.964741] (rplidar_ros) StderrLine: {'line': b'In file included from \x1b[01m\x1b[K/home/ty/rplidar_sdk/src/rplidar_ros/sdk/include/rplidar_protocol.h:36\x1b[m\x1b[K,\n'}
[10.965574] (rplidar_ros) StderrLine: {'line': b'                 from \x1b[01m\x1b[K/home/ty/rplidar_sdk/src/rplidar_ros/sdk/include/rplidar.h:39\x1b[m\x1b[K,\n'}
[10.965860] (rplidar_ros) StderrLine: {'line': b'                 from \x1b[01m\x1b[K/home/ty/rplidar_sdk/src/rplidar_ros/sdk/src/sdkcommon.h:49\x1b[m\x1b[K,\n'}
[10.966103] (rplidar_ros) StderrLine: {'line': b'                 from \x1b[01m\x1b[K/home/ty/rplidar_sdk/src/rplidar_ros/sdk/src/dataunpacker/dataunnpacker_commondef.h:41\x1b[m\x1b[K,\n'}
[10.966341] (rplidar_ros) StderrLine: {'line': b'                 from \x1b[01m\x1b[K/home/ty/rplidar_sdk/src/rplidar_ros/sdk/src/dataunpacker/dataunpacker.cpp:39\x1b[m\x1b[K:\n'}
[10.966572] (rplidar_ros) StderrLine: {'line': b'\x1b[01m\x1b[K/home/ty/rplidar_sdk/src/rplidar_ros/sdk/include/sl_lidar_protocol.h:66:16:\x1b[m\x1b[K \x1b[01;35m\x1b[Kwarning: \x1b[m\x1b[KISO C++ forbids zero-size array \xe2\x80\x98\x1b[01m\x1b[Kdata\x1b[m\x1b[K\xe2\x80\x99 [\x1b[01;35m\x1b[K\x1b]8;;https://gcc.gnu.org/onlinedocs/gcc/Warning-Options.html#index-Wpedantic\x07-Wpedantic\x1b]8;;\x07\x1b[m\x1b[K]\n'}
[10.966807] (rplidar_ros) StderrLine: {'line': b'   66 |     sl_u8 data[\x1b[01;35m\x1b[K0\x1b[m\x1b[K];\n'}
[10.967026] (rplidar_ros) StderrLine: {'line': b'      |                \x1b[01;35m\x1b[K^\x1b[m\x1b[K\n'}
[10.968355] (rplidar_ros) StderrLine: {'line': b'In file included from \x1b[01m\x1b[K/home/ty/rplidar_sdk/src/rplidar_ros/sdk/include/rplidar_cmd.h:36\x1b[m\x1b[K,\n'}
[10.968711] (rplidar_ros) StderrLine: {'line': b'                 from \x1b[01m\x1b[K/home/ty/rplidar_sdk/src/rplidar_ros/sdk/include/rplidar.h:40\x1b[m\x1b[K,\n'}
[10.968970] (rplidar_ros) StderrLine: {'line': b'                 from \x1b[01m\x1b[K/home/ty/rplidar_sdk/src/rplidar_ros/sdk/src/sdkcommon.h:49\x1b[m\x1b[K,\n'}
[10.969208] (rplidar_ros) StderrLine: {'line': b'                 from \x1b[01m\x1b[K/home/ty/rplidar_sdk/src/rplidar_ros/sdk/src/dataunpacker/dataunnpacker_commondef.h:41\x1b[m\x1b[K,\n'}
[10.969439] (rplidar_ros) StderrLine: {'line': b'                 from \x1b[01m\x1b[K/home/ty/rplidar_sdk/src/rplidar_ros/sdk/src/dataunpacker/dataunpacker.cpp:39\x1b[m\x1b[K:\n'}
[10.969676] (rplidar_ros) StderrLine: {'line': b'\x1b[01m\x1b[K/home/ty/rplidar_sdk/src/rplidar_ros/sdk/include/sl_lidar_cmd.h:324:20:\x1b[m\x1b[K \x1b[01;35m\x1b[Kwarning: \x1b[m\x1b[KISO C++ forbids zero-size array \xe2\x80\x98\x1b[01m\x1b[Kpayload\x1b[m\x1b[K\xe2\x80\x99 [\x1b[01;35m\x1b[K\x1b]8;;https://gcc.gnu.org/onlinedocs/gcc/Warning-Options.html#index-Wpedantic\x07-Wpedantic\x1b]8;;\x07\x1b[m\x1b[K]\n'}
[10.969914] (rplidar_ros) StderrLine: {'line': b'  324 |     sl_u8  payload[\x1b[01;35m\x1b[K0\x1b[m\x1b[K];\n'}
[10.970137] (rplidar_ros) StderrLine: {'line': b'      |                    \x1b[01;35m\x1b[K^\x1b[m\x1b[K\n'}
[11.048173] (-) TimerEvent: {}
[11.148883] (-) TimerEvent: {}
[11.212561] (rplidar_ros) StderrLine: {'line': b'In file included from \x1b[01m\x1b[K/home/ty/rplidar_sdk/src/rplidar_ros/sdk/include/rplidar_protocol.h:36\x1b[m\x1b[K,\n'}
[11.213045] (rplidar_ros) StderrLine: {'line': b'                 from \x1b[01m\x1b[K/home/ty/rplidar_sdk/src/rplidar_ros/sdk/include/rplidar.h:39\x1b[m\x1b[K,\n'}
[11.213249] (rplidar_ros) StderrLine: {'line': b'                 from \x1b[01m\x1b[K/home/ty/rplidar_sdk/src/rplidar_ros/sdk/src/sdkcommon.h:49\x1b[m\x1b[K,\n'}
[11.213385] (rplidar_ros) StderrLine: {'line': b'                 from \x1b[01m\x1b[K/home/ty/rplidar_sdk/src/rplidar_ros/sdk/src/dataunpacker/unpacker/../dataunnpacker_commondef.h:41\x1b[m\x1b[K,\n'}
[11.213512] (rplidar_ros) StderrLine: {'line': b'                 from \x1b[01m\x1b[K/home/ty/rplidar_sdk/src/rplidar_ros/sdk/src/dataunpacker/unpacker/handler_capsules.cpp:39\x1b[m\x1b[K:\n'}
[11.213677] (rplidar_ros) StderrLine: {'line': b'\x1b[01m\x1b[K/home/ty/rplidar_sdk/src/rplidar_ros/sdk/include/sl_lidar_protocol.h:66:16:\x1b[m\x1b[K \x1b[01;35m\x1b[Kwarning: \x1b[m\x1b[KISO C++ forbids zero-size array \xe2\x80\x98\x1b[01m\x1b[Kdata\x1b[m\x1b[K\xe2\x80\x99 [\x1b[01;35m\x1b[K\x1b]8;;https://gcc.gnu.org/onlinedocs/gcc/Warning-Options.html#index-Wpedantic\x07-Wpedantic\x1b]8;;\x07\x1b[m\x1b[K]\n'}
[11.213813] (rplidar_ros) StderrLine: {'line': b'   66 |     sl_u8 data[\x1b[01;35m\x1b[K0\x1b[m\x1b[K];\n'}
[11.213930] (rplidar_ros) StderrLine: {'line': b'      |                \x1b[01;35m\x1b[K^\x1b[m\x1b[K\n'}
[11.214247] (rplidar_ros) StderrLine: {'line': b'In file included from \x1b[01m\x1b[K/home/ty/rplidar_sdk/src/rplidar_ros/sdk/include/rplidar_cmd.h:36\x1b[m\x1b[K,\n'}
[11.214427] (rplidar_ros) StderrLine: {'line': b'                 from \x1b[01m\x1b[K/home/ty/rplidar_sdk/src/rplidar_ros/sdk/include/rplidar.h:40\x1b[m\x1b[K,\n'}
[11.214551] (rplidar_ros) StderrLine: {'line': b'                 from \x1b[01m\x1b[K/home/ty/rplidar_sdk/src/rplidar_ros/sdk/src/sdkcommon.h:49\x1b[m\x1b[K,\n'}
[11.214667] (rplidar_ros) StderrLine: {'line': b'                 from \x1b[01m\x1b[K/home/ty/rplidar_sdk/src/rplidar_ros/sdk/src/dataunpacker/unpacker/../dataunnpacker_commondef.h:41\x1b[m\x1b[K,\n'}
[11.214782] (rplidar_ros) StderrLine: {'line': b'                 from \x1b[01m\x1b[K/home/ty/rplidar_sdk/src/rplidar_ros/sdk/src/dataunpacker/unpacker/handler_capsules.cpp:39\x1b[m\x1b[K:\n'}
[11.214915] (rplidar_ros) StderrLine: {'line': b'\x1b[01m\x1b[K/home/ty/rplidar_sdk/src/rplidar_ros/sdk/include/sl_lidar_cmd.h:324:20:\x1b[m\x1b[K \x1b[01;35m\x1b[Kwarning: \x1b[m\x1b[KISO C++ forbids zero-size array \xe2\x80\x98\x1b[01m\x1b[Kpayload\x1b[m\x1b[K\xe2\x80\x99 [\x1b[01;35m\x1b[K\x1b]8;;https://gcc.gnu.org/onlinedocs/gcc/Warning-Options.html#index-Wpedantic\x07-Wpedantic\x1b]8;;\x07\x1b[m\x1b[K]\n'}
[11.215039] (rplidar_ros) StderrLine: {'line': b'  324 |     sl_u8  payload[\x1b[01;35m\x1b[K0\x1b[m\x1b[K];\n'}
[11.215147] (rplidar_ros) StderrLine: {'line': b'      |                    \x1b[01;35m\x1b[K^\x1b[m\x1b[K\n'}
[11.249095] (-) TimerEvent: {}
[11.335880] (rplidar_ros) StderrLine: {'line': b'In file included from \x1b[01m\x1b[K/home/ty/rplidar_sdk/src/rplidar_ros/sdk/src/dataunpacker/dataunpacker.cpp:40\x1b[m\x1b[K:\n'}
[11.336488] (rplidar_ros) StderrLine: {'line': b'\x1b[01m\x1b[K/home/ty/rplidar_sdk/src/rplidar_ros/sdk/src/dataunpacker/dataunpacker.h:\x1b[m\x1b[K In member function \xe2\x80\x98\x1b[01m\x1b[Kvirtual void sl::internal::LIDARSampleDataListener::onCustomSampleDataDecoded(_u8, _u32, const void*, size_t)\x1b[m\x1b[K\xe2\x80\x99:\n'}
[11.336780] (rplidar_ros) StderrLine: {'line': b'\x1b[01m\x1b[K/home/ty/rplidar_sdk/src/rplidar_ros/sdk/src/dataunpacker/dataunpacker.h:54:52:\x1b[m\x1b[K \x1b[01;35m\x1b[Kwarning: \x1b[m\x1b[Kunused parameter \xe2\x80\x98\x1b[01m\x1b[KansType\x1b[m\x1b[K\xe2\x80\x99 [\x1b[01;35m\x1b[K\x1b]8;;https://gcc.gnu.org/onlinedocs/gcc/Warning-Options.html#index-Wunused-parameter\x07-Wunused-parameter\x1b]8;;\x07\x1b[m\x1b[K]\n'}
[11.337034] (rplidar_ros) StderrLine: {'line': b'   54 |         virtual void onCustomSampleDataDecoded(\x1b[01;35m\x1b[K_u8 ansType\x1b[m\x1b[K, _u32 customCode, const void* data, size_t size) {}\n'}
[11.337280] (rplidar_ros) StderrLine: {'line': b'      |                                                \x1b[01;35m\x1b[K~~~~^~~~~~~\x1b[m\x1b[K\n'}
[11.337614] (rplidar_ros) StderrLine: {'line': b'\x1b[01m\x1b[K/home/ty/rplidar_sdk/src/rplidar_ros/sdk/src/dataunpacker/dataunpacker.h:54:66:\x1b[m\x1b[K \x1b[01;35m\x1b[Kwarning: \x1b[m\x1b[Kunused parameter \xe2\x80\x98\x1b[01m\x1b[KcustomCode\x1b[m\x1b[K\xe2\x80\x99 [\x1b[01;35m\x1b[K\x1b]8;;https://gcc.gnu.org/onlinedocs/gcc/Warning-Options.html#index-Wunused-parameter\x07-Wunused-parameter\x1b]8;;\x07\x1b[m\x1b[K]\n'}
[11.337923] (rplidar_ros) StderrLine: {'line': b'   54 |         virtual void onCustomSampleDataDecoded(_u8 ansType, \x1b[01;35m\x1b[K_u32 customCode\x1b[m\x1b[K, const void* data, size_t size) {}\n'}
[11.338198] (rplidar_ros) StderrLine: {'line': b'      |                                                             \x1b[01;35m\x1b[K~~~~~^~~~~~~~~~\x1b[m\x1b[K\n'}
[11.338508] (rplidar_ros) StderrLine: {'line': b'\x1b[01m\x1b[K/home/ty/rplidar_sdk/src/rplidar_ros/sdk/src/dataunpacker/dataunpacker.h:54:90:\x1b[m\x1b[K \x1b[01;35m\x1b[Kwarning: \x1b[m\x1b[Kunused parameter \xe2\x80\x98\x1b[01m\x1b[Kdata\x1b[m\x1b[K\xe2\x80\x99 [\x1b[01;35m\x1b[K\x1b]8;;https://gcc.gnu.org/onlinedocs/gcc/Warning-Options.html#index-Wunused-parameter\x07-Wunused-parameter\x1b]8;;\x07\x1b[m\x1b[K]\n'}
[11.338768] (rplidar_ros) StderrLine: {'line': b'   54 |         virtual void onCustomSampleDataDecoded(_u8 ansType, _u32 customCode, \x1b[01;35m\x1b[Kconst void* data\x1b[m\x1b[K, size_t size) {}\n'}
[11.338991] (rplidar_ros) StderrLine: {'line': b'      |                                                                              \x1b[01;35m\x1b[K~~~~~~~~~~~~^~~~\x1b[m\x1b[K\n'}
[11.339291] (rplidar_ros) StderrLine: {'line': b'\x1b[01m\x1b[K/home/ty/rplidar_sdk/src/rplidar_ros/sdk/src/dataunpacker/dataunpacker.h:54:103:\x1b[m\x1b[K \x1b[01;35m\x1b[Kwarning: \x1b[m\x1b[Kunused parameter \xe2\x80\x98\x1b[01m\x1b[Ksize\x1b[m\x1b[K\xe2\x80\x99 [\x1b[01;35m\x1b[K\x1b]8;;https://gcc.gnu.org/onlinedocs/gcc/Warning-Options.html#index-Wunused-parameter\x07-Wunused-parameter\x1b]8;;\x07\x1b[m\x1b[K]\n'}
[11.339584] (rplidar_ros) StderrLine: {'line': b'   54 |         virtual void onCustomSampleDataDecoded(_u8 ansType, _u32 customCode, const void* data, \x1b[01;35m\x1b[Ksize_t size\x1b[m\x1b[K) {}\n'}
[11.339815] (rplidar_ros) StderrLine: {'line': b'      |                                                                                                \x1b[01;35m\x1b[K~~~~~~~^~~~\x1b[m\x1b[K\n'}
[11.340172] (rplidar_ros) StderrLine: {'line': b'\x1b[01m\x1b[K/home/ty/rplidar_sdk/src/rplidar_ros/sdk/src/dataunpacker/dataunpacker.h:\x1b[m\x1b[K In member function \xe2\x80\x98\x1b[01m\x1b[Kvirtual void sl::internal::LIDARSampleDataListener::onDecodingError(int, _u8, const void*, size_t)\x1b[m\x1b[K\xe2\x80\x99:\n'}
[11.340446] (rplidar_ros) StderrLine: {'line': b'\x1b[01m\x1b[K/home/ty/rplidar_sdk/src/rplidar_ros/sdk/src/dataunpacker/dataunpacker.h:56:42:\x1b[m\x1b[K \x1b[01;35m\x1b[Kwarning: \x1b[m\x1b[Kunused parameter \xe2\x80\x98\x1b[01m\x1b[KerrMsg\x1b[m\x1b[K\xe2\x80\x99 [\x1b[01;35m\x1b[K\x1b]8;;https://gcc.gnu.org/onlinedocs/gcc/Warning-Options.html#index-Wunused-parameter\x07-Wunused-parameter\x1b]8;;\x07\x1b[m\x1b[K]\n'}
[11.340678] (rplidar_ros) StderrLine: {'line': b'   56 |         virtual void onDecodingError(\x1b[01;35m\x1b[Kint errMsg\x1b[m\x1b[K, _u8 ansType, const void* payload, size_t size) {}\n'}
[11.340889] (rplidar_ros) StderrLine: {'line': b'      |                                      \x1b[01;35m\x1b[K~~~~^~~~~~\x1b[m\x1b[K\n'}
[11.341193] (rplidar_ros) StderrLine: {'line': b'\x1b[01m\x1b[K/home/ty/rplidar_sdk/src/rplidar_ros/sdk/src/dataunpacker/dataunpacker.h:56:54:\x1b[m\x1b[K \x1b[01;35m\x1b[Kwarning: \x1b[m\x1b[Kunused parameter \xe2\x80\x98\x1b[01m\x1b[KansType\x1b[m\x1b[K\xe2\x80\x99 [\x1b[01;35m\x1b[K\x1b]8;;https://gcc.gnu.org/onlinedocs/gcc/Warning-Options.html#index-Wunused-parameter\x07-Wunused-parameter\x1b]8;;\x07\x1b[m\x1b[K]\n'}
[11.341443] (rplidar_ros) StderrLine: {'line': b'   56 |         virtual void onDecodingError(int errMsg, \x1b[01;35m\x1b[K_u8 ansType\x1b[m\x1b[K, const void* payload, size_t size) {}\n'}
[11.341687] (rplidar_ros) StderrLine: {'line': b'      |                                                  \x1b[01;35m\x1b[K~~~~^~~~~~~\x1b[m\x1b[K\n'}
[11.341971] (rplidar_ros) StderrLine: {'line': b'\x1b[01m\x1b[K/home/ty/rplidar_sdk/src/rplidar_ros/sdk/src/dataunpacker/dataunpacker.h:56:75:\x1b[m\x1b[K \x1b[01;35m\x1b[Kwarning: \x1b[m\x1b[Kunused parameter \xe2\x80\x98\x1b[01m\x1b[Kpayload\x1b[m\x1b[K\xe2\x80\x99 [\x1b[01;35m\x1b[K\x1b]8;;https://gcc.gnu.org/onlinedocs/gcc/Warning-Options.html#index-Wunused-parameter\x07-Wunused-parameter\x1b]8;;\x07\x1b[m\x1b[K]\n'}
[11.342243] (rplidar_ros) StderrLine: {'line': b'   56 |         virtual void onDecodingError(int errMsg, _u8 ansType, \x1b[01;35m\x1b[Kconst void* payload\x1b[m\x1b[K, size_t size) {}\n'}
[11.342473] (rplidar_ros) StderrLine: {'line': b'      |                                                               \x1b[01;35m\x1b[K~~~~~~~~~~~~^~~~~~~\x1b[m\x1b[K\n'}
[11.342753] (rplidar_ros) StderrLine: {'line': b'\x1b[01m\x1b[K/home/ty/rplidar_sdk/src/rplidar_ros/sdk/src/dataunpacker/dataunpacker.h:56:91:\x1b[m\x1b[K \x1b[01;35m\x1b[Kwarning: \x1b[m\x1b[Kunused parameter \xe2\x80\x98\x1b[01m\x1b[Ksize\x1b[m\x1b[K\xe2\x80\x99 [\x1b[01;35m\x1b[K\x1b]8;;https://gcc.gnu.org/onlinedocs/gcc/Warning-Options.html#index-Wunused-parameter\x07-Wunused-parameter\x1b]8;;\x07\x1b[m\x1b[K]\n'}
[11.342997] (rplidar_ros) StderrLine: {'line': b'   56 |         virtual void onDecodingError(int errMsg, _u8 ansType, const void* payload, \x1b[01;35m\x1b[Ksize_t size\x1b[m\x1b[K) {}\n'}
[11.343224] (rplidar_ros) StderrLine: {'line': b'      |                                                                                    \x1b[01;35m\x1b[K~~~~~~~^~~~\x1b[m\x1b[K\n'}
[11.349289] (-) TimerEvent: {}
[11.450003] (-) TimerEvent: {}
[11.505426] (rplidar_ros) StderrLine: {'line': b'In file included from \x1b[01m\x1b[K/home/ty/rplidar_sdk/src/rplidar_ros/sdk/include/rplidar_protocol.h:36\x1b[m\x1b[K,\n'}
[11.506173] (rplidar_ros) StderrLine: {'line': b'                 from \x1b[01m\x1b[K/home/ty/rplidar_sdk/src/rplidar_ros/sdk/include/rplidar.h:39\x1b[m\x1b[K,\n'}
[11.506546] (rplidar_ros) StderrLine: {'line': b'                 from \x1b[01m\x1b[K/home/ty/rplidar_sdk/src/rplidar_ros/sdk/src/sdkcommon.h:49\x1b[m\x1b[K,\n'}
[11.506848] (rplidar_ros) StderrLine: {'line': b'                 from \x1b[01m\x1b[K/home/ty/rplidar_sdk/src/rplidar_ros/sdk/src/dataunpacker/unpacker/../dataunnpacker_commondef.h:41\x1b[m\x1b[K,\n'}
[11.507124] (rplidar_ros) StderrLine: {'line': b'                 from \x1b[01m\x1b[K/home/ty/rplidar_sdk/src/rplidar_ros/sdk/src/dataunpacker/unpacker/handler_hqnode.cpp:39\x1b[m\x1b[K:\n'}
[11.507400] (rplidar_ros) StderrLine: {'line': b'\x1b[01m\x1b[K/home/ty/rplidar_sdk/src/rplidar_ros/sdk/include/sl_lidar_protocol.h:66:16:\x1b[m\x1b[K \x1b[01;35m\x1b[Kwarning: \x1b[m\x1b[KISO C++ forbids zero-size array \xe2\x80\x98\x1b[01m\x1b[Kdata\x1b[m\x1b[K\xe2\x80\x99 [\x1b[01;35m\x1b[K\x1b]8;;https://gcc.gnu.org/onlinedocs/gcc/Warning-Options.html#index-Wpedantic\x07-Wpedantic\x1b]8;;\x07\x1b[m\x1b[K]\n'}
[11.507684] (rplidar_ros) StderrLine: {'line': b'   66 |     sl_u8 data[\x1b[01;35m\x1b[K0\x1b[m\x1b[K];\n'}
[11.507917] (rplidar_ros) StderrLine: {'line': b'      |                \x1b[01;35m\x1b[K^\x1b[m\x1b[K\n'}
[11.509367] (rplidar_ros) StderrLine: {'line': b'In file included from \x1b[01m\x1b[K/home/ty/rplidar_sdk/src/rplidar_ros/sdk/include/rplidar_cmd.h:36\x1b[m\x1b[K,\n'}
[11.509794] (rplidar_ros) StderrLine: {'line': b'                 from \x1b[01m\x1b[K/home/ty/rplidar_sdk/src/rplidar_ros/sdk/include/rplidar.h:40\x1b[m\x1b[K,\n'}
[11.510068] (rplidar_ros) StderrLine: {'line': b'                 from \x1b[01m\x1b[K/home/ty/rplidar_sdk/src/rplidar_ros/sdk/src/sdkcommon.h:49\x1b[m\x1b[K,\n'}
[11.510308] (rplidar_ros) StderrLine: {'line': b'                 from \x1b[01m\x1b[K/home/ty/rplidar_sdk/src/rplidar_ros/sdk/src/dataunpacker/unpacker/../dataunnpacker_commondef.h:41\x1b[m\x1b[K,\n'}
[11.510552] (rplidar_ros) StderrLine: {'line': b'                 from \x1b[01m\x1b[K/home/ty/rplidar_sdk/src/rplidar_ros/sdk/src/dataunpacker/unpacker/handler_hqnode.cpp:39\x1b[m\x1b[K:\n'}
[11.510814] (rplidar_ros) StderrLine: {'line': b'\x1b[01m\x1b[K/home/ty/rplidar_sdk/src/rplidar_ros/sdk/include/sl_lidar_cmd.h:324:20:\x1b[m\x1b[K \x1b[01;35m\x1b[Kwarning: \x1b[m\x1b[KISO C++ forbids zero-size array \xe2\x80\x98\x1b[01m\x1b[Kpayload\x1b[m\x1b[K\xe2\x80\x99 [\x1b[01;35m\x1b[K\x1b]8;;https://gcc.gnu.org/onlinedocs/gcc/Warning-Options.html#index-Wpedantic\x07-Wpedantic\x1b]8;;\x07\x1b[m\x1b[K]\n'}
[11.511048] (rplidar_ros) StderrLine: {'line': b'  324 |     sl_u8  payload[\x1b[01;35m\x1b[K0\x1b[m\x1b[K];\n'}
[11.511303] (rplidar_ros) StderrLine: {'line': b'      |                    \x1b[01;35m\x1b[K^\x1b[m\x1b[K\n'}
[11.550253] (-) TimerEvent: {}
[11.575135] (rplidar_ros) StderrLine: {'line': b'In file included from \x1b[01m\x1b[K/home/ty/rplidar_sdk/src/rplidar_ros/sdk/src/dataunpacker/unpacker/handler_capsules.cpp:40\x1b[m\x1b[K:\n'}
[11.575783] (rplidar_ros) StderrLine: {'line': b'\x1b[01m\x1b[K/home/ty/rplidar_sdk/src/rplidar_ros/sdk/src/dataunpacker/unpacker/../dataunpacker.h:\x1b[m\x1b[K In member function \xe2\x80\x98\x1b[01m\x1b[Kvirtual void sl::internal::LIDARSampleDataListener::onCustomSampleDataDecoded(_u8, _u32, const void*, size_t)\x1b[m\x1b[K\xe2\x80\x99:\n'}
[11.576087] (rplidar_ros) StderrLine: {'line': b'\x1b[01m\x1b[K/home/ty/rplidar_sdk/src/rplidar_ros/sdk/src/dataunpacker/unpacker/../dataunpacker.h:54:52:\x1b[m\x1b[K \x1b[01;35m\x1b[Kwarning: \x1b[m\x1b[Kunused parameter \xe2\x80\x98\x1b[01m\x1b[KansType\x1b[m\x1b[K\xe2\x80\x99 [\x1b[01;35m\x1b[K\x1b]8;;https://gcc.gnu.org/onlinedocs/gcc/Warning-Options.html#index-Wunused-parameter\x07-Wunused-parameter\x1b]8;;\x07\x1b[m\x1b[K]\n'}
[11.576375] (rplidar_ros) StderrLine: {'line': b'   54 |         virtual void onCustomSampleDataDecoded(\x1b[01;35m\x1b[K_u8 ansType\x1b[m\x1b[K, _u32 customCode, const void* data, size_t size) {}\n'}
[11.576604] (rplidar_ros) StderrLine: {'line': b'      |                                                \x1b[01;35m\x1b[K~~~~^~~~~~~\x1b[m\x1b[K\n'}
[11.576922] (rplidar_ros) StderrLine: {'line': b'\x1b[01m\x1b[K/home/ty/rplidar_sdk/src/rplidar_ros/sdk/src/dataunpacker/unpacker/../dataunpacker.h:54:66:\x1b[m\x1b[K \x1b[01;35m\x1b[Kwarning: \x1b[m\x1b[Kunused parameter \xe2\x80\x98\x1b[01m\x1b[KcustomCode\x1b[m\x1b[K\xe2\x80\x99 [\x1b[01;35m\x1b[K\x1b]8;;https://gcc.gnu.org/onlinedocs/gcc/Warning-Options.html#index-Wunused-parameter\x07-Wunused-parameter\x1b]8;;\x07\x1b[m\x1b[K]\n'}
[11.577205] (rplidar_ros) StderrLine: {'line': b'   54 |         virtual void onCustomSampleDataDecoded(_u8 ansType, \x1b[01;35m\x1b[K_u32 customCode\x1b[m\x1b[K, const void* data, size_t size) {}\n'}
[11.577449] (rplidar_ros) StderrLine: {'line': b'      |                                                             \x1b[01;35m\x1b[K~~~~~^~~~~~~~~~\x1b[m\x1b[K\n'}
[11.577764] (rplidar_ros) StderrLine: {'line': b'\x1b[01m\x1b[K/home/ty/rplidar_sdk/src/rplidar_ros/sdk/src/dataunpacker/unpacker/../dataunpacker.h:54:90:\x1b[m\x1b[K \x1b[01;35m\x1b[Kwarning: \x1b[m\x1b[Kunused parameter \xe2\x80\x98\x1b[01m\x1b[Kdata\x1b[m\x1b[K\xe2\x80\x99 [\x1b[01;35m\x1b[K\x1b]8;;https://gcc.gnu.org/onlinedocs/gcc/Warning-Options.html#index-Wunused-parameter\x07-Wunused-parameter\x1b]8;;\x07\x1b[m\x1b[K]\n'}
[11.578019] (rplidar_ros) StderrLine: {'line': b'   54 |         virtual void onCustomSampleDataDecoded(_u8 ansType, _u32 customCode, \x1b[01;35m\x1b[Kconst void* data\x1b[m\x1b[K, size_t size) {}\n'}
[11.578248] (rplidar_ros) StderrLine: {'line': b'      |                                                                              \x1b[01;35m\x1b[K~~~~~~~~~~~~^~~~\x1b[m\x1b[K\n'}
[11.578535] (rplidar_ros) StderrLine: {'line': b'\x1b[01m\x1b[K/home/ty/rplidar_sdk/src/rplidar_ros/sdk/src/dataunpacker/unpacker/../dataunpacker.h:54:103:\x1b[m\x1b[K \x1b[01;35m\x1b[Kwarning: \x1b[m\x1b[Kunused parameter \xe2\x80\x98\x1b[01m\x1b[Ksize\x1b[m\x1b[K\xe2\x80\x99 [\x1b[01;35m\x1b[K\x1b]8;;https://gcc.gnu.org/onlinedocs/gcc/Warning-Options.html#index-Wunused-parameter\x07-Wunused-parameter\x1b]8;;\x07\x1b[m\x1b[K]\n'}
[11.578817] (rplidar_ros) StderrLine: {'line': b'   54 |         virtual void onCustomSampleDataDecoded(_u8 ansType, _u32 customCode, const void* data, \x1b[01;35m\x1b[Ksize_t size\x1b[m\x1b[K) {}\n'}
[11.579041] (rplidar_ros) StderrLine: {'line': b'      |                                                                                                \x1b[01;35m\x1b[K~~~~~~~^~~~\x1b[m\x1b[K\n'}
[11.579390] (rplidar_ros) StderrLine: {'line': b'\x1b[01m\x1b[K/home/ty/rplidar_sdk/src/rplidar_ros/sdk/src/dataunpacker/unpacker/../dataunpacker.h:\x1b[m\x1b[K In member function \xe2\x80\x98\x1b[01m\x1b[Kvirtual void sl::internal::LIDARSampleDataListener::onDecodingError(int, _u8, const void*, size_t)\x1b[m\x1b[K\xe2\x80\x99:\n'}
[11.579753] (rplidar_ros) StderrLine: {'line': b'\x1b[01m\x1b[K/home/ty/rplidar_sdk/src/rplidar_ros/sdk/src/dataunpacker/unpacker/../dataunpacker.h:56:42:\x1b[m\x1b[K \x1b[01;35m\x1b[Kwarning: \x1b[m\x1b[Kunused parameter \xe2\x80\x98\x1b[01m\x1b[KerrMsg\x1b[m\x1b[K\xe2\x80\x99 [\x1b[01;35m\x1b[K\x1b]8;;https://gcc.gnu.org/onlinedocs/gcc/Warning-Options.html#index-Wunused-parameter\x07-Wunused-parameter\x1b]8;;\x07\x1b[m\x1b[K]\n'}
[11.580106] (rplidar_ros) StderrLine: {'line': b'   56 |         virtual void onDecodingError(\x1b[01;35m\x1b[Kint errMsg\x1b[m\x1b[K, _u8 ansType, const void* payload, size_t size) {}\n'}
[11.580253] (rplidar_ros) StderrLine: {'line': b'      |                                      \x1b[01;35m\x1b[K~~~~^~~~~~\x1b[m\x1b[K\n'}
[11.580375] (rplidar_ros) StderrLine: {'line': b'\x1b[01m\x1b[K/home/ty/rplidar_sdk/src/rplidar_ros/sdk/src/dataunpacker/unpacker/../dataunpacker.h:56:54:\x1b[m\x1b[K \x1b[01;35m\x1b[Kwarning: \x1b[m\x1b[Kunused parameter \xe2\x80\x98\x1b[01m\x1b[KansType\x1b[m\x1b[K\xe2\x80\x99 [\x1b[01;35m\x1b[K\x1b]8;;https://gcc.gnu.org/onlinedocs/gcc/Warning-Options.html#index-Wunused-parameter\x07-Wunused-parameter\x1b]8;;\x07\x1b[m\x1b[K]\n'}
[11.580497] (rplidar_ros) StderrLine: {'line': b'   56 |         virtual void onDecodingError(int errMsg, \x1b[01;35m\x1b[K_u8 ansType\x1b[m\x1b[K, const void* payload, size_t size) {}\n'}
[11.580609] (rplidar_ros) StderrLine: {'line': b'      |                                                  \x1b[01;35m\x1b[K~~~~^~~~~~~\x1b[m\x1b[K\n'}
[11.580718] (rplidar_ros) StderrLine: {'line': b'\x1b[01m\x1b[K/home/ty/rplidar_sdk/src/rplidar_ros/sdk/src/dataunpacker/unpacker/../dataunpacker.h:56:75:\x1b[m\x1b[K \x1b[01;35m\x1b[Kwarning: \x1b[m\x1b[Kunused parameter \xe2\x80\x98\x1b[01m\x1b[Kpayload\x1b[m\x1b[K\xe2\x80\x99 [\x1b[01;35m\x1b[K\x1b]8;;https://gcc.gnu.org/onlinedocs/gcc/Warning-Options.html#index-Wunused-parameter\x07-Wunused-parameter\x1b]8;;\x07\x1b[m\x1b[K]\n'}
[11.580834] (rplidar_ros) StderrLine: {'line': b'   56 |         virtual void onDecodingError(int errMsg, _u8 ansType, \x1b[01;35m\x1b[Kconst void* payload\x1b[m\x1b[K, size_t size) {}\n'}
[11.580943] (rplidar_ros) StderrLine: {'line': b'      |                                                               \x1b[01;35m\x1b[K~~~~~~~~~~~~^~~~~~~\x1b[m\x1b[K\n'}
[11.581263] (rplidar_ros) StderrLine: {'line': b'\x1b[01m\x1b[K/home/ty/rplidar_sdk/src/rplidar_ros/sdk/src/dataunpacker/unpacker/../dataunpacker.h:56:91:\x1b[m\x1b[K \x1b[01;35m\x1b[Kwarning: \x1b[m\x1b[Kunused parameter \xe2\x80\x98\x1b[01m\x1b[Ksize\x1b[m\x1b[K\xe2\x80\x99 [\x1b[01;35m\x1b[K\x1b]8;;https://gcc.gnu.org/onlinedocs/gcc/Warning-Options.html#index-Wunused-parameter\x07-Wunused-parameter\x1b]8;;\x07\x1b[m\x1b[K]\n'}
[11.581435] (rplidar_ros) StderrLine: {'line': b'   56 |         virtual void onDecodingError(int errMsg, _u8 ansType, const void* payload, \x1b[01;35m\x1b[Ksize_t size\x1b[m\x1b[K) {}\n'}
[11.581585] (rplidar_ros) StderrLine: {'line': b'      |                                                                                    \x1b[01;35m\x1b[K~~~~~~~^~~~\x1b[m\x1b[K\n'}
[11.605455] (rplidar_ros) StderrLine: {'line': b'\x1b[01m\x1b[K/home/ty/rplidar_sdk/src/rplidar_ros/sdk/src/dataunpacker/unpacker/handler_capsules.cpp:\x1b[m\x1b[K In member function \xe2\x80\x98\x1b[01m\x1b[Kvoid sl::internal::unpacker::UnpackerHandler_DenseCapsuleNode::_onScanNodeDenseCapsuleData(rplidar_response_dense_capsule_measurement_nodes_t&, sl::internal::LIDARSampleDataUnpackerInner*)\x1b[m\x1b[K\xe2\x80\x99:\n'}
[11.605972] (rplidar_ros) StderrLine: {'line': b'\x1b[01m\x1b[K/home/ty/rplidar_sdk/src/rplidar_ros/sdk/src/dataunpacker/unpacker/handler_capsules.cpp:763:30:\x1b[m\x1b[K \x1b[01;35m\x1b[Kwarning: \x1b[m\x1b[Ktype qualifiers ignored on cast result type [\x1b[01;35m\x1b[K\x1b]8;;https://gcc.gnu.org/onlinedocs/gcc/Warning-Options.html#index-Wignored-qualifiers\x07-Wignored-qualifiers\x1b]8;;\x07\x1b[m\x1b[K]\n'}
[11.606157] (rplidar_ros) StderrLine: {'line': b'  763 |             const int dist = \x1b[01;35m\x1b[Kstatic_cast<const int>(_cached_previous_dense_capsuledata.cabins[pos].distance)\x1b[m\x1b[K;\n'}
[11.606292] (rplidar_ros) StderrLine: {'line': b'      |                              \x1b[01;35m\x1b[K^~~~~~~~~~~~~~~~~~~~~~~~~~~~~~~~~~~~~~~~~~~~~~~~~~~~~~~~~~~~~~~~~~~~~~~~~~~~~~~\x1b[m\x1b[K\n'}
[11.650458] (-) TimerEvent: {}
[11.751157] (-) TimerEvent: {}
[11.808648] (rplidar_ros) StdoutLine: {'line': b'[ 68%] \x1b[32mBuilding CXX object CMakeFiles/rplidar_composition.dir/sdk/src/dataunpacker/unpacker/handler_normalnode.cpp.o\x1b[0m\n'}
[11.851378] (-) TimerEvent: {}
[11.896481] (rplidar_ros) StderrLine: {'line': b'In file included from \x1b[01m\x1b[K/home/ty/rplidar_sdk/src/rplidar_ros/sdk/src/dataunpacker/unpacker/handler_hqnode.cpp:40\x1b[m\x1b[K:\n'}
[11.897106] (rplidar_ros) StderrLine: {'line': b'\x1b[01m\x1b[K/home/ty/rplidar_sdk/src/rplidar_ros/sdk/src/dataunpacker/unpacker/../dataunpacker.h:\x1b[m\x1b[K In member function \xe2\x80\x98\x1b[01m\x1b[Kvirtual void sl::internal::LIDARSampleDataListener::onCustomSampleDataDecoded(_u8, _u32, const void*, size_t)\x1b[m\x1b[K\xe2\x80\x99:\n'}
[11.897440] (rplidar_ros) StderrLine: {'line': b'\x1b[01m\x1b[K/home/ty/rplidar_sdk/src/rplidar_ros/sdk/src/dataunpacker/unpacker/../dataunpacker.h:54:52:\x1b[m\x1b[K \x1b[01;35m\x1b[Kwarning: \x1b[m\x1b[Kunused parameter \xe2\x80\x98\x1b[01m\x1b[KansType\x1b[m\x1b[K\xe2\x80\x99 [\x1b[01;35m\x1b[K\x1b]8;;https://gcc.gnu.org/onlinedocs/gcc/Warning-Options.html#index-Wunused-parameter\x07-Wunused-parameter\x1b]8;;\x07\x1b[m\x1b[K]\n'}
[11.897718] (rplidar_ros) StderrLine: {'line': b'   54 |         virtual void onCustomSampleDataDecoded(\x1b[01;35m\x1b[K_u8 ansType\x1b[m\x1b[K, _u32 customCode, const void* data, size_t size) {}\n'}
[11.898055] (rplidar_ros) StderrLine: {'line': b'      |                                                \x1b[01;35m\x1b[K~~~~^~~~~~~\x1b[m\x1b[K\n'}
[11.898418] (rplidar_ros) StderrLine: {'line': b'\x1b[01m\x1b[K/home/ty/rplidar_sdk/src/rplidar_ros/sdk/src/dataunpacker/unpacker/../dataunpacker.h:54:66:\x1b[m\x1b[K \x1b[01;35m\x1b[Kwarning: \x1b[m\x1b[Kunused parameter \xe2\x80\x98\x1b[01m\x1b[KcustomCode\x1b[m\x1b[K\xe2\x80\x99 [\x1b[01;35m\x1b[K\x1b]8;;https://gcc.gnu.org/onlinedocs/gcc/Warning-Options.html#index-Wunused-parameter\x07-Wunused-parameter\x1b]8;;\x07\x1b[m\x1b[K]\n'}
[11.898709] (rplidar_ros) StderrLine: {'line': b'   54 |         virtual void onCustomSampleDataDecoded(_u8 ansType, \x1b[01;35m\x1b[K_u32 customCode\x1b[m\x1b[K, const void* data, size_t size) {}\n'}
[11.898959] (rplidar_ros) StderrLine: {'line': b'      |                                                             \x1b[01;35m\x1b[K~~~~~^~~~~~~~~~\x1b[m\x1b[K\n'}
[11.899289] (rplidar_ros) StderrLine: {'line': b'\x1b[01m\x1b[K/home/ty/rplidar_sdk/src/rplidar_ros/sdk/src/dataunpacker/unpacker/../dataunpacker.h:54:90:\x1b[m\x1b[K \x1b[01;35m\x1b[Kwarning: \x1b[m\x1b[Kunused parameter \xe2\x80\x98\x1b[01m\x1b[Kdata\x1b[m\x1b[K\xe2\x80\x99 [\x1b[01;35m\x1b[K\x1b]8;;https://gcc.gnu.org/onlinedocs/gcc/Warning-Options.html#index-Wunused-parameter\x07-Wunused-parameter\x1b]8;;\x07\x1b[m\x1b[K]\n'}
[11.899626] (rplidar_ros) StderrLine: {'line': b'   54 |         virtual void onCustomSampleDataDecoded(_u8 ansType, _u32 customCode, \x1b[01;35m\x1b[Kconst void* data\x1b[m\x1b[K, size_t size) {}\n'}
[11.899876] (rplidar_ros) StderrLine: {'line': b'      |                                                                              \x1b[01;35m\x1b[K~~~~~~~~~~~~^~~~\x1b[m\x1b[K\n'}
[11.900197] (rplidar_ros) StderrLine: {'line': b'\x1b[01m\x1b[K/home/ty/rplidar_sdk/src/rplidar_ros/sdk/src/dataunpacker/unpacker/../dataunpacker.h:54:103:\x1b[m\x1b[K \x1b[01;35m\x1b[Kwarning: \x1b[m\x1b[Kunused parameter \xe2\x80\x98\x1b[01m\x1b[Ksize\x1b[m\x1b[K\xe2\x80\x99 [\x1b[01;35m\x1b[K\x1b]8;;https://gcc.gnu.org/onlinedocs/gcc/Warning-Options.html#index-Wunused-parameter\x07-Wunused-parameter\x1b]8;;\x07\x1b[m\x1b[K]\n'}
[11.900498] (rplidar_ros) StderrLine: {'line': b'   54 |         virtual void onCustomSampleDataDecoded(_u8 ansType, _u32 customCode, const void* data, \x1b[01;35m\x1b[Ksize_t size\x1b[m\x1b[K) {}\n'}
[11.900731] (rplidar_ros) StderrLine: {'line': b'      |                                                                                                \x1b[01;35m\x1b[K~~~~~~~^~~~\x1b[m\x1b[K\n'}
[11.901123] (rplidar_ros) StderrLine: {'line': b'\x1b[01m\x1b[K/home/ty/rplidar_sdk/src/rplidar_ros/sdk/src/dataunpacker/unpacker/../dataunpacker.h:\x1b[m\x1b[K In member function \xe2\x80\x98\x1b[01m\x1b[Kvirtual void sl::internal::LIDARSampleDataListener::onDecodingError(int, _u8, const void*, size_t)\x1b[m\x1b[K\xe2\x80\x99:\n'}
[11.901447] (rplidar_ros) StderrLine: {'line': b'\x1b[01m\x1b[K/home/ty/rplidar_sdk/src/rplidar_ros/sdk/src/dataunpacker/unpacker/../dataunpacker.h:56:42:\x1b[m\x1b[K \x1b[01;35m\x1b[Kwarning: \x1b[m\x1b[Kunused parameter \xe2\x80\x98\x1b[01m\x1b[KerrMsg\x1b[m\x1b[K\xe2\x80\x99 [\x1b[01;35m\x1b[K\x1b]8;;https://gcc.gnu.org/onlinedocs/gcc/Warning-Options.html#index-Wunused-parameter\x07-Wunused-parameter\x1b]8;;\x07\x1b[m\x1b[K]\n'}
[11.901723] (rplidar_ros) StderrLine: {'line': b'   56 |         virtual void onDecodingError(\x1b[01;35m\x1b[Kint errMsg\x1b[m\x1b[K, _u8 ansType, const void* payload, size_t size) {}\n'}
[11.901956] (rplidar_ros) StderrLine: {'line': b'      |                                      \x1b[01;35m\x1b[K~~~~^~~~~~\x1b[m\x1b[K\n'}
[11.902258] (rplidar_ros) StderrLine: {'line': b'\x1b[01m\x1b[K/home/ty/rplidar_sdk/src/rplidar_ros/sdk/src/dataunpacker/unpacker/../dataunpacker.h:56:54:\x1b[m\x1b[K \x1b[01;35m\x1b[Kwarning: \x1b[m\x1b[Kunused parameter \xe2\x80\x98\x1b[01m\x1b[KansType\x1b[m\x1b[K\xe2\x80\x99 [\x1b[01;35m\x1b[K\x1b]8;;https://gcc.gnu.org/onlinedocs/gcc/Warning-Options.html#index-Wunused-parameter\x07-Wunused-parameter\x1b]8;;\x07\x1b[m\x1b[K]\n'}
[11.902552] (rplidar_ros) StderrLine: {'line': b'   56 |         virtual void onDecodingError(int errMsg, \x1b[01;35m\x1b[K_u8 ansType\x1b[m\x1b[K, const void* payload, size_t size) {}\n'}
[11.902777] (rplidar_ros) StderrLine: {'line': b'      |                                                  \x1b[01;35m\x1b[K~~~~^~~~~~~\x1b[m\x1b[K\n'}
[11.903081] (rplidar_ros) StderrLine: {'line': b'\x1b[01m\x1b[K/home/ty/rplidar_sdk/src/rplidar_ros/sdk/src/dataunpacker/unpacker/../dataunpacker.h:56:75:\x1b[m\x1b[K \x1b[01;35m\x1b[Kwarning: \x1b[m\x1b[Kunused parameter \xe2\x80\x98\x1b[01m\x1b[Kpayload\x1b[m\x1b[K\xe2\x80\x99 [\x1b[01;35m\x1b[K\x1b]8;;https://gcc.gnu.org/onlinedocs/gcc/Warning-Options.html#index-Wunused-parameter\x07-Wunused-parameter\x1b]8;;\x07\x1b[m\x1b[K]\n'}
[11.903361] (rplidar_ros) StderrLine: {'line': b'   56 |         virtual void onDecodingError(int errMsg, _u8 ansType, \x1b[01;35m\x1b[Kconst void* payload\x1b[m\x1b[K, size_t size) {}\n'}
[11.903637] (rplidar_ros) StderrLine: {'line': b'      |                                                               \x1b[01;35m\x1b[K~~~~~~~~~~~~^~~~~~~\x1b[m\x1b[K\n'}
[11.903952] (rplidar_ros) StderrLine: {'line': b'\x1b[01m\x1b[K/home/ty/rplidar_sdk/src/rplidar_ros/sdk/src/dataunpacker/unpacker/../dataunpacker.h:56:91:\x1b[m\x1b[K \x1b[01;35m\x1b[Kwarning: \x1b[m\x1b[Kunused parameter \xe2\x80\x98\x1b[01m\x1b[Ksize\x1b[m\x1b[K\xe2\x80\x99 [\x1b[01;35m\x1b[K\x1b]8;;https://gcc.gnu.org/onlinedocs/gcc/Warning-Options.html#index-Wunused-parameter\x07-Wunused-parameter\x1b]8;;\x07\x1b[m\x1b[K]\n'}
[11.904229] (rplidar_ros) StderrLine: {'line': b'   56 |         virtual void onDecodingError(int errMsg, _u8 ansType, const void* payload, \x1b[01;35m\x1b[Ksize_t size\x1b[m\x1b[K) {}\n'}
[11.904469] (rplidar_ros) StderrLine: {'line': b'      |                                                                                    \x1b[01;35m\x1b[K~~~~~~~^~~~\x1b[m\x1b[K\n'}
[11.950685] (rplidar_ros) StdoutLine: {'line': b'[ 71%] \x1b[32mBuilding CXX object CMakeFiles/rplidar_composition.dir/sdk/src/hal/thread.cpp.o\x1b[0m\n'}
[11.951480] (-) TimerEvent: {}
[12.052077] (-) TimerEvent: {}
[12.152788] (-) TimerEvent: {}
[12.189864] (rplidar_ros) StdoutLine: {'line': b'[ 73%] \x1b[32mBuilding CXX object CMakeFiles/rplidar_composition.dir/sdk/src/rplidar_driver.cpp.o\x1b[0m\n'}
[12.253015] (-) TimerEvent: {}
[12.353763] (-) TimerEvent: {}
[12.454476] (-) TimerEvent: {}
[12.555214] (-) TimerEvent: {}
[12.592929] (rplidar_ros) StderrLine: {'line': b'In file included from \x1b[01m\x1b[K/home/ty/rplidar_sdk/src/rplidar_ros/sdk/include/rplidar_protocol.h:36\x1b[m\x1b[K,\n'}
[12.593429] (rplidar_ros) StderrLine: {'line': b'                 from \x1b[01m\x1b[K/home/ty/rplidar_sdk/src/rplidar_ros/sdk/include/rplidar.h:39\x1b[m\x1b[K,\n'}
[12.593585] (rplidar_ros) StderrLine: {'line': b'                 from \x1b[01m\x1b[K/home/ty/rplidar_sdk/src/rplidar_ros/sdk/src/sdkcommon.h:49\x1b[m\x1b[K,\n'}
[12.593714] (rplidar_ros) StderrLine: {'line': b'                 from \x1b[01m\x1b[K/home/ty/rplidar_sdk/src/rplidar_ros/sdk/src/dataunpacker/unpacker/../dataunnpacker_commondef.h:41\x1b[m\x1b[K,\n'}
[12.593840] (rplidar_ros) StderrLine: {'line': b'                 from \x1b[01m\x1b[K/home/ty/rplidar_sdk/src/rplidar_ros/sdk/src/dataunpacker/unpacker/handler_normalnode.cpp:39\x1b[m\x1b[K:\n'}
[12.593959] (rplidar_ros) StderrLine: {'line': b'\x1b[01m\x1b[K/home/ty/rplidar_sdk/src/rplidar_ros/sdk/include/sl_lidar_protocol.h:66:16:\x1b[m\x1b[K \x1b[01;35m\x1b[Kwarning: \x1b[m\x1b[KISO C++ forbids zero-size array \xe2\x80\x98\x1b[01m\x1b[Kdata\x1b[m\x1b[K\xe2\x80\x99 [\x1b[01;35m\x1b[K\x1b]8;;https://gcc.gnu.org/onlinedocs/gcc/Warning-Options.html#index-Wpedantic\x07-Wpedantic\x1b]8;;\x07\x1b[m\x1b[K]\n'}
[12.594090] (rplidar_ros) StderrLine: {'line': b'   66 |     sl_u8 data[\x1b[01;35m\x1b[K0\x1b[m\x1b[K];\n'}
[12.594206] (rplidar_ros) StderrLine: {'line': b'      |                \x1b[01;35m\x1b[K^\x1b[m\x1b[K\n'}
[12.594463] (rplidar_ros) StderrLine: {'line': b'In file included from \x1b[01m\x1b[K/home/ty/rplidar_sdk/src/rplidar_ros/sdk/include/rplidar_cmd.h:36\x1b[m\x1b[K,\n'}
[12.594605] (rplidar_ros) StderrLine: {'line': b'                 from \x1b[01m\x1b[K/home/ty/rplidar_sdk/src/rplidar_ros/sdk/include/rplidar.h:40\x1b[m\x1b[K,\n'}
[12.594724] (rplidar_ros) StderrLine: {'line': b'                 from \x1b[01m\x1b[K/home/ty/rplidar_sdk/src/rplidar_ros/sdk/src/sdkcommon.h:49\x1b[m\x1b[K,\n'}
[12.594838] (rplidar_ros) StderrLine: {'line': b'                 from \x1b[01m\x1b[K/home/ty/rplidar_sdk/src/rplidar_ros/sdk/src/dataunpacker/unpacker/../dataunnpacker_commondef.h:41\x1b[m\x1b[K,\n'}
[12.594950] (rplidar_ros) StderrLine: {'line': b'                 from \x1b[01m\x1b[K/home/ty/rplidar_sdk/src/rplidar_ros/sdk/src/dataunpacker/unpacker/handler_normalnode.cpp:39\x1b[m\x1b[K:\n'}
[12.595060] (rplidar_ros) StderrLine: {'line': b'\x1b[01m\x1b[K/home/ty/rplidar_sdk/src/rplidar_ros/sdk/include/sl_lidar_cmd.h:324:20:\x1b[m\x1b[K \x1b[01;35m\x1b[Kwarning: \x1b[m\x1b[KISO C++ forbids zero-size array \xe2\x80\x98\x1b[01m\x1b[Kpayload\x1b[m\x1b[K\xe2\x80\x99 [\x1b[01;35m\x1b[K\x1b]8;;https://gcc.gnu.org/onlinedocs/gcc/Warning-Options.html#index-Wpedantic\x07-Wpedantic\x1b]8;;\x07\x1b[m\x1b[K]\n'}
[12.595180] (rplidar_ros) StderrLine: {'line': b'  324 |     sl_u8  payload[\x1b[01;35m\x1b[K0\x1b[m\x1b[K];\n'}
[12.595329] (rplidar_ros) StderrLine: {'line': b'      |                    \x1b[01;35m\x1b[K^\x1b[m\x1b[K\n'}
[12.655444] (-) TimerEvent: {}
[12.711239] (rplidar_ros) StderrLine: {'line': b'In file included from \x1b[01m\x1b[K/home/ty/rplidar_sdk/src/rplidar_ros/sdk/include/rplidar_protocol.h:36\x1b[m\x1b[K,\n'}
[12.711754] (rplidar_ros) StderrLine: {'line': b'                 from \x1b[01m\x1b[K/home/ty/rplidar_sdk/src/rplidar_ros/sdk/include/rplidar.h:39\x1b[m\x1b[K,\n'}
[12.711934] (rplidar_ros) StderrLine: {'line': b'                 from \x1b[01m\x1b[K/home/ty/rplidar_sdk/src/rplidar_ros/sdk/src/sdkcommon.h:49\x1b[m\x1b[K,\n'}
[12.712071] (rplidar_ros) StderrLine: {'line': b'                 from \x1b[01m\x1b[K/home/ty/rplidar_sdk/src/rplidar_ros/sdk/src/hal/thread.cpp:35\x1b[m\x1b[K:\n'}
[12.712234] (rplidar_ros) StderrLine: {'line': b'\x1b[01m\x1b[K/home/ty/rplidar_sdk/src/rplidar_ros/sdk/include/sl_lidar_protocol.h:66:16:\x1b[m\x1b[K \x1b[01;35m\x1b[Kwarning: \x1b[m\x1b[KISO C++ forbids zero-size array \xe2\x80\x98\x1b[01m\x1b[Kdata\x1b[m\x1b[K\xe2\x80\x99 [\x1b[01;35m\x1b[K\x1b]8;;https://gcc.gnu.org/onlinedocs/gcc/Warning-Options.html#index-Wpedantic\x07-Wpedantic\x1b]8;;\x07\x1b[m\x1b[K]\n'}
[12.712389] (rplidar_ros) StderrLine: {'line': b'   66 |     sl_u8 data[\x1b[01;35m\x1b[K0\x1b[m\x1b[K];\n'}
[12.712531] (rplidar_ros) StderrLine: {'line': b'      |                \x1b[01;35m\x1b[K^\x1b[m\x1b[K\n'}
[12.712838] (rplidar_ros) StderrLine: {'line': b'In file included from \x1b[01m\x1b[K/home/ty/rplidar_sdk/src/rplidar_ros/sdk/include/rplidar_cmd.h:36\x1b[m\x1b[K,\n'}
[12.712988] (rplidar_ros) StderrLine: {'line': b'                 from \x1b[01m\x1b[K/home/ty/rplidar_sdk/src/rplidar_ros/sdk/include/rplidar.h:40\x1b[m\x1b[K,\n'}
[12.713110] (rplidar_ros) StderrLine: {'line': b'                 from \x1b[01m\x1b[K/home/ty/rplidar_sdk/src/rplidar_ros/sdk/src/sdkcommon.h:49\x1b[m\x1b[K,\n'}
[12.713226] (rplidar_ros) StderrLine: {'line': b'                 from \x1b[01m\x1b[K/home/ty/rplidar_sdk/src/rplidar_ros/sdk/src/hal/thread.cpp:35\x1b[m\x1b[K:\n'}
[12.713339] (rplidar_ros) StderrLine: {'line': b'\x1b[01m\x1b[K/home/ty/rplidar_sdk/src/rplidar_ros/sdk/include/sl_lidar_cmd.h:324:20:\x1b[m\x1b[K \x1b[01;35m\x1b[Kwarning: \x1b[m\x1b[KISO C++ forbids zero-size array \xe2\x80\x98\x1b[01m\x1b[Kpayload\x1b[m\x1b[K\xe2\x80\x99 [\x1b[01;35m\x1b[K\x1b]8;;https://gcc.gnu.org/onlinedocs/gcc/Warning-Options.html#index-Wpedantic\x07-Wpedantic\x1b]8;;\x07\x1b[m\x1b[K]\n'}
[12.713462] (rplidar_ros) StderrLine: {'line': b'  324 |     sl_u8  payload[\x1b[01;35m\x1b[K0\x1b[m\x1b[K];\n'}
[12.713575] (rplidar_ros) StderrLine: {'line': b'      |                    \x1b[01;35m\x1b[K^\x1b[m\x1b[K\n'}
[12.755658] (-) TimerEvent: {}
[12.805867] (rplidar_ros) StderrLine: {'line': b'In file included from \x1b[01m\x1b[K/home/ty/rplidar_sdk/src/rplidar_ros/sdk/src/hal/thread.cpp:43\x1b[m\x1b[K:\n'}
[12.806344] (rplidar_ros) StderrLine: {'line': b'\x1b[01m\x1b[K/home/ty/rplidar_sdk/src/rplidar_ros/sdk/src/arch/linux/thread.hpp:\x1b[m\x1b[K In static member function \xe2\x80\x98\x1b[01m\x1b[Kstatic rp::hal::Thread rp::hal::Thread::create(thread_proc_t, void*)\x1b[m\x1b[K\xe2\x80\x99:\n'}
[12.806529] (rplidar_ros) StderrLine: {'line': b'\x1b[01m\x1b[K/home/ty/rplidar_sdk/src/rplidar_ros/sdk/src/arch/linux/thread.hpp:52:57:\x1b[m\x1b[K \x1b[01;35m\x1b[Kwarning: \x1b[m\x1b[Kcast between incompatible function types from \xe2\x80\x98\x1b[01m\x1b[Kthread_proc_t\x1b[m\x1b[K\xe2\x80\x99 {aka \xe2\x80\x98\x1b[01m\x1b[Klong unsigned int (*)(void*)\x1b[m\x1b[K\xe2\x80\x99} to \xe2\x80\x98\x1b[01m\x1b[Kvoid* (*)(void*)\x1b[m\x1b[K\xe2\x80\x99 [\x1b[01;35m\x1b[K\x1b]8;;https://gcc.gnu.org/onlinedocs/gcc/Warning-Options.html#index-Wcast-function-type\x07-Wcast-function-type\x1b]8;;\x07\x1b[m\x1b[K]\n'}
[12.806684] (rplidar_ros) StderrLine: {'line': b'   52 |     pthread_create((pthread_t *)&newborn._handle, NULL, \x1b[01;35m\x1b[K(void * (*)(void *))proc\x1b[m\x1b[K, data);\n'}
[12.806816] (rplidar_ros) StderrLine: {'line': b'      |                                                         \x1b[01;35m\x1b[K^~~~~~~~~~~~~~~~~~~~~~~~\x1b[m\x1b[K\n'}
[12.807325] (rplidar_ros) StderrLine: {'line': b'\x1b[01m\x1b[K/home/ty/rplidar_sdk/src/rplidar_ros/sdk/src/arch/linux/thread.hpp:\x1b[m\x1b[K In member function \xe2\x80\x98\x1b[01m\x1b[Ku_result rp::hal::Thread::join(long unsigned int)\x1b[m\x1b[K\xe2\x80\x99:\n'}
[12.807572] (rplidar_ros) StderrLine: {'line': b'\x1b[01m\x1b[K/home/ty/rplidar_sdk/src/rplidar_ros/sdk/src/arch/linux/thread.hpp:176:37:\x1b[m\x1b[K \x1b[01;35m\x1b[Kwarning: \x1b[m\x1b[Kunused parameter \xe2\x80\x98\x1b[01m\x1b[Ktimeout\x1b[m\x1b[K\xe2\x80\x99 [\x1b[01;35m\x1b[K\x1b]8;;https://gcc.gnu.org/onlinedocs/gcc/Warning-Options.html#index-Wunused-parameter\x07-Wunused-parameter\x1b]8;;\x07\x1b[m\x1b[K]\n'}
[12.807766] (rplidar_ros) StderrLine: {'line': b'  176 | u_result Thread::join(\x1b[01;35m\x1b[Kunsigned long timeout\x1b[m\x1b[K)\n'}
[12.807894] (rplidar_ros) StderrLine: {'line': b'      |                       \x1b[01;35m\x1b[K~~~~~~~~~~~~~~^~~~~~~\x1b[m\x1b[K\n'}
[12.855838] (-) TimerEvent: {}
[12.956513] (-) TimerEvent: {}
[12.961534] (rplidar_ros) StderrLine: {'line': b'In file included from \x1b[01m\x1b[K/home/ty/rplidar_sdk/src/rplidar_ros/sdk/src/dataunpacker/unpacker/handler_normalnode.cpp:40\x1b[m\x1b[K:\n'}
[12.962190] (rplidar_ros) StderrLine: {'line': b'\x1b[01m\x1b[K/home/ty/rplidar_sdk/src/rplidar_ros/sdk/src/dataunpacker/unpacker/../dataunpacker.h:\x1b[m\x1b[K In member function \xe2\x80\x98\x1b[01m\x1b[Kvirtual void sl::internal::LIDARSampleDataListener::onCustomSampleDataDecoded(_u8, _u32, const void*, size_t)\x1b[m\x1b[K\xe2\x80\x99:\n'}
[12.962495] (rplidar_ros) StderrLine: {'line': b'\x1b[01m\x1b[K/home/ty/rplidar_sdk/src/rplidar_ros/sdk/src/dataunpacker/unpacker/../dataunpacker.h:54:52:\x1b[m\x1b[K \x1b[01;35m\x1b[Kwarning: \x1b[m\x1b[Kunused parameter \xe2\x80\x98\x1b[01m\x1b[KansType\x1b[m\x1b[K\xe2\x80\x99 [\x1b[01;35m\x1b[K\x1b]8;;https://gcc.gnu.org/onlinedocs/gcc/Warning-Options.html#index-Wunused-parameter\x07-Wunused-parameter\x1b]8;;\x07\x1b[m\x1b[K]\n'}
[12.962751] (rplidar_ros) StderrLine: {'line': b'   54 |         virtual void onCustomSampleDataDecoded(\x1b[01;35m\x1b[K_u8 ansType\x1b[m\x1b[K, _u32 customCode, const void* data, size_t size) {}\n'}
[12.962989] (rplidar_ros) StderrLine: {'line': b'      |                                                \x1b[01;35m\x1b[K~~~~^~~~~~~\x1b[m\x1b[K\n'}
[12.963308] (rplidar_ros) StderrLine: {'line': b'\x1b[01m\x1b[K/home/ty/rplidar_sdk/src/rplidar_ros/sdk/src/dataunpacker/unpacker/../dataunpacker.h:54:66:\x1b[m\x1b[K \x1b[01;35m\x1b[Kwarning: \x1b[m\x1b[Kunused parameter \xe2\x80\x98\x1b[01m\x1b[KcustomCode\x1b[m\x1b[K\xe2\x80\x99 [\x1b[01;35m\x1b[K\x1b]8;;https://gcc.gnu.org/onlinedocs/gcc/Warning-Options.html#index-Wunused-parameter\x07-Wunused-parameter\x1b]8;;\x07\x1b[m\x1b[K]\n'}
[12.963629] (rplidar_ros) StderrLine: {'line': b'   54 |         virtual void onCustomSampleDataDecoded(_u8 ansType, \x1b[01;35m\x1b[K_u32 customCode\x1b[m\x1b[K, const void* data, size_t size) {}\n'}
[12.963870] (rplidar_ros) StderrLine: {'line': b'      |                                                             \x1b[01;35m\x1b[K~~~~~^~~~~~~~~~\x1b[m\x1b[K\n'}
[12.964207] (rplidar_ros) StderrLine: {'line': b'\x1b[01m\x1b[K/home/ty/rplidar_sdk/src/rplidar_ros/sdk/src/dataunpacker/unpacker/../dataunpacker.h:54:90:\x1b[m\x1b[K \x1b[01;35m\x1b[Kwarning: \x1b[m\x1b[Kunused parameter \xe2\x80\x98\x1b[01m\x1b[Kdata\x1b[m\x1b[K\xe2\x80\x99 [\x1b[01;35m\x1b[K\x1b]8;;https://gcc.gnu.org/onlinedocs/gcc/Warning-Options.html#index-Wunused-parameter\x07-Wunused-parameter\x1b]8;;\x07\x1b[m\x1b[K]\n'}
[12.964486] (rplidar_ros) StderrLine: {'line': b'   54 |         virtual void onCustomSampleDataDecoded(_u8 ansType, _u32 customCode, \x1b[01;35m\x1b[Kconst void* data\x1b[m\x1b[K, size_t size) {}\n'}
[12.964734] (rplidar_ros) StderrLine: {'line': b'      |                                                                              \x1b[01;35m\x1b[K~~~~~~~~~~~~^~~~\x1b[m\x1b[K\n'}
[12.965031] (rplidar_ros) StderrLine: {'line': b'\x1b[01m\x1b[K/home/ty/rplidar_sdk/src/rplidar_ros/sdk/src/dataunpacker/unpacker/../dataunpacker.h:54:103:\x1b[m\x1b[K \x1b[01;35m\x1b[Kwarning: \x1b[m\x1b[Kunused parameter \xe2\x80\x98\x1b[01m\x1b[Ksize\x1b[m\x1b[K\xe2\x80\x99 [\x1b[01;35m\x1b[K\x1b]8;;https://gcc.gnu.org/onlinedocs/gcc/Warning-Options.html#index-Wunused-parameter\x07-Wunused-parameter\x1b]8;;\x07\x1b[m\x1b[K]\n'}
[12.965287] (rplidar_ros) StderrLine: {'line': b'   54 |         virtual void onCustomSampleDataDecoded(_u8 ansType, _u32 customCode, const void* data, \x1b[01;35m\x1b[Ksize_t size\x1b[m\x1b[K) {}\n'}
[12.965518] (rplidar_ros) StderrLine: {'line': b'      |                                                                                                \x1b[01;35m\x1b[K~~~~~~~^~~~\x1b[m\x1b[K\n'}
[12.965924] (rplidar_ros) StderrLine: {'line': b'\x1b[01m\x1b[K/home/ty/rplidar_sdk/src/rplidar_ros/sdk/src/dataunpacker/unpacker/../dataunpacker.h:\x1b[m\x1b[K In member function \xe2\x80\x98\x1b[01m\x1b[Kvirtual void sl::internal::LIDARSampleDataListener::onDecodingError(int, _u8, const void*, size_t)\x1b[m\x1b[K\xe2\x80\x99:\n'}
[12.966197] (rplidar_ros) StderrLine: {'line': b'\x1b[01m\x1b[K/home/ty/rplidar_sdk/src/rplidar_ros/sdk/src/dataunpacker/unpacker/../dataunpacker.h:56:42:\x1b[m\x1b[K \x1b[01;35m\x1b[Kwarning: \x1b[m\x1b[Kunused parameter \xe2\x80\x98\x1b[01m\x1b[KerrMsg\x1b[m\x1b[K\xe2\x80\x99 [\x1b[01;35m\x1b[K\x1b]8;;https://gcc.gnu.org/onlinedocs/gcc/Warning-Options.html#index-Wunused-parameter\x07-Wunused-parameter\x1b]8;;\x07\x1b[m\x1b[K]\n'}
[12.966431] (rplidar_ros) StderrLine: {'line': b'   56 |         virtual void onDecodingError(\x1b[01;35m\x1b[Kint errMsg\x1b[m\x1b[K, _u8 ansType, const void* payload, size_t size) {}\n'}
[12.966657] (rplidar_ros) StderrLine: {'line': b'      |                                      \x1b[01;35m\x1b[K~~~~^~~~~~\x1b[m\x1b[K\n'}
[12.966946] (rplidar_ros) StderrLine: {'line': b'\x1b[01m\x1b[K/home/ty/rplidar_sdk/src/rplidar_ros/sdk/src/dataunpacker/unpacker/../dataunpacker.h:56:54:\x1b[m\x1b[K \x1b[01;35m\x1b[Kwarning: \x1b[m\x1b[Kunused parameter \xe2\x80\x98\x1b[01m\x1b[KansType\x1b[m\x1b[K\xe2\x80\x99 [\x1b[01;35m\x1b[K\x1b]8;;https://gcc.gnu.org/onlinedocs/gcc/Warning-Options.html#index-Wunused-parameter\x07-Wunused-parameter\x1b]8;;\x07\x1b[m\x1b[K]\n'}
[12.967198] (rplidar_ros) StderrLine: {'line': b'   56 |         virtual void onDecodingError(int errMsg, \x1b[01;35m\x1b[K_u8 ansType\x1b[m\x1b[K, const void* payload, size_t size) {}\n'}
[12.967414] (rplidar_ros) StderrLine: {'line': b'      |                                                  \x1b[01;35m\x1b[K~~~~^~~~~~~\x1b[m\x1b[K\n'}
[12.967719] (rplidar_ros) StderrLine: {'line': b'\x1b[01m\x1b[K/home/ty/rplidar_sdk/src/rplidar_ros/sdk/src/dataunpacker/unpacker/../dataunpacker.h:56:75:\x1b[m\x1b[K \x1b[01;35m\x1b[Kwarning: \x1b[m\x1b[Kunused parameter \xe2\x80\x98\x1b[01m\x1b[Kpayload\x1b[m\x1b[K\xe2\x80\x99 [\x1b[01;35m\x1b[K\x1b]8;;https://gcc.gnu.org/onlinedocs/gcc/Warning-Options.html#index-Wunused-parameter\x07-Wunused-parameter\x1b]8;;\x07\x1b[m\x1b[K]\n'}
[12.967978] (rplidar_ros) StderrLine: {'line': b'   56 |         virtual void onDecodingError(int errMsg, _u8 ansType, \x1b[01;35m\x1b[Kconst void* payload\x1b[m\x1b[K, size_t size) {}\n'}
[12.968212] (rplidar_ros) StderrLine: {'line': b'      |                                                               \x1b[01;35m\x1b[K~~~~~~~~~~~~^~~~~~~\x1b[m\x1b[K\n'}
[12.968493] (rplidar_ros) StderrLine: {'line': b'\x1b[01m\x1b[K/home/ty/rplidar_sdk/src/rplidar_ros/sdk/src/dataunpacker/unpacker/../dataunpacker.h:56:91:\x1b[m\x1b[K \x1b[01;35m\x1b[Kwarning: \x1b[m\x1b[Kunused parameter \xe2\x80\x98\x1b[01m\x1b[Ksize\x1b[m\x1b[K\xe2\x80\x99 [\x1b[01;35m\x1b[K\x1b]8;;https://gcc.gnu.org/onlinedocs/gcc/Warning-Options.html#index-Wunused-parameter\x07-Wunused-parameter\x1b]8;;\x07\x1b[m\x1b[K]\n'}
[12.968753] (rplidar_ros) StderrLine: {'line': b'   56 |         virtual void onDecodingError(int errMsg, _u8 ansType, const void* payload, \x1b[01;35m\x1b[Ksize_t size\x1b[m\x1b[K) {}\n'}
[12.968983] (rplidar_ros) StderrLine: {'line': b'      |                                                                                    \x1b[01;35m\x1b[K~~~~~~~^~~~\x1b[m\x1b[K\n'}
[12.990413] (rplidar_ros) StdoutLine: {'line': b'[ 76%] \x1b[32mBuilding CXX object CMakeFiles/rplidar_composition.dir/sdk/src/sl_async_transceiver.cpp.o\x1b[0m\n'}
[13.056697] (-) TimerEvent: {}
[13.090301] (rplidar_ros) StderrLine: {'line': b'In file included from \x1b[01m\x1b[K/home/ty/rplidar_sdk/src/rplidar_ros/sdk/include/rplidar_protocol.h:36\x1b[m\x1b[K,\n'}
[13.090763] (rplidar_ros) StderrLine: {'line': b'                 from \x1b[01m\x1b[K/home/ty/rplidar_sdk/src/rplidar_ros/sdk/include/rplidar.h:39\x1b[m\x1b[K,\n'}
[13.090918] (rplidar_ros) StderrLine: {'line': b'                 from \x1b[01m\x1b[K/home/ty/rplidar_sdk/src/rplidar_ros/sdk/src/sdkcommon.h:49\x1b[m\x1b[K,\n'}
[13.091100] (rplidar_ros) StderrLine: {'line': b'                 from \x1b[01m\x1b[K/home/ty/rplidar_sdk/src/rplidar_ros/sdk/src/rplidar_driver.cpp:33\x1b[m\x1b[K:\n'}
[13.091231] (rplidar_ros) StderrLine: {'line': b'\x1b[01m\x1b[K/home/ty/rplidar_sdk/src/rplidar_ros/sdk/include/sl_lidar_protocol.h:66:16:\x1b[m\x1b[K \x1b[01;35m\x1b[Kwarning: \x1b[m\x1b[KISO C++ forbids zero-size array \xe2\x80\x98\x1b[01m\x1b[Kdata\x1b[m\x1b[K\xe2\x80\x99 [\x1b[01;35m\x1b[K\x1b]8;;https://gcc.gnu.org/onlinedocs/gcc/Warning-Options.html#index-Wpedantic\x07-Wpedantic\x1b]8;;\x07\x1b[m\x1b[K]\n'}
[13.091364] (rplidar_ros) StderrLine: {'line': b'   66 |     sl_u8 data[\x1b[01;35m\x1b[K0\x1b[m\x1b[K];\n'}
[13.091480] (rplidar_ros) StderrLine: {'line': b'      |                \x1b[01;35m\x1b[K^\x1b[m\x1b[K\n'}
[13.091803] (rplidar_ros) StderrLine: {'line': b'In file included from \x1b[01m\x1b[K/home/ty/rplidar_sdk/src/rplidar_ros/sdk/include/rplidar_cmd.h:36\x1b[m\x1b[K,\n'}
[13.091947] (rplidar_ros) StderrLine: {'line': b'                 from \x1b[01m\x1b[K/home/ty/rplidar_sdk/src/rplidar_ros/sdk/include/rplidar.h:40\x1b[m\x1b[K,\n'}
[13.092091] (rplidar_ros) StderrLine: {'line': b'                 from \x1b[01m\x1b[K/home/ty/rplidar_sdk/src/rplidar_ros/sdk/src/sdkcommon.h:49\x1b[m\x1b[K,\n'}
[13.092206] (rplidar_ros) StderrLine: {'line': b'                 from \x1b[01m\x1b[K/home/ty/rplidar_sdk/src/rplidar_ros/sdk/src/rplidar_driver.cpp:33\x1b[m\x1b[K:\n'}
[13.092319] (rplidar_ros) StderrLine: {'line': b'\x1b[01m\x1b[K/home/ty/rplidar_sdk/src/rplidar_ros/sdk/include/sl_lidar_cmd.h:324:20:\x1b[m\x1b[K \x1b[01;35m\x1b[Kwarning: \x1b[m\x1b[KISO C++ forbids zero-size array \xe2\x80\x98\x1b[01m\x1b[Kpayload\x1b[m\x1b[K\xe2\x80\x99 [\x1b[01;35m\x1b[K\x1b]8;;https://gcc.gnu.org/onlinedocs/gcc/Warning-Options.html#index-Wpedantic\x07-Wpedantic\x1b]8;;\x07\x1b[m\x1b[K]\n'}
[13.092439] (rplidar_ros) StderrLine: {'line': b'  324 |     sl_u8  payload[\x1b[01;35m\x1b[K0\x1b[m\x1b[K];\n'}
[13.092550] (rplidar_ros) StderrLine: {'line': b'      |                    \x1b[01;35m\x1b[K^\x1b[m\x1b[K\n'}
[13.156887] (-) TimerEvent: {}
[13.257564] (-) TimerEvent: {}
[13.292589] (rplidar_ros) StdoutLine: {'line': b'[ 78%] \x1b[32mBuilding CXX object CMakeFiles/rplidar_composition.dir/sdk/src/sl_crc.cpp.o\x1b[0m\n'}
[13.357886] (-) TimerEvent: {}
[13.389523] (rplidar_ros) StderrLine: {'line': b'In file included from \x1b[01m\x1b[K/home/ty/rplidar_sdk/src/rplidar_ros/sdk/include/sl_lidar_cmd.h:41\x1b[m\x1b[K,\n'}
[13.389994] (rplidar_ros) StderrLine: {'line': b'                 from \x1b[01m\x1b[K/home/ty/rplidar_sdk/src/rplidar_ros/sdk/include/sl_crc.h:36\x1b[m\x1b[K,\n'}
[13.390157] (rplidar_ros) StderrLine: {'line': b'                 from \x1b[01m\x1b[K/home/ty/rplidar_sdk/src/rplidar_ros/sdk/src/sl_crc.cpp:33\x1b[m\x1b[K:\n'}
[13.390289] (rplidar_ros) StderrLine: {'line': b'\x1b[01m\x1b[K/home/ty/rplidar_sdk/src/rplidar_ros/sdk/include/sl_lidar_protocol.h:66:16:\x1b[m\x1b[K \x1b[01;35m\x1b[Kwarning: \x1b[m\x1b[KISO C++ forbids zero-size array \xe2\x80\x98\x1b[01m\x1b[Kdata\x1b[m\x1b[K\xe2\x80\x99 [\x1b[01;35m\x1b[K\x1b]8;;https://gcc.gnu.org/onlinedocs/gcc/Warning-Options.html#index-Wpedantic\x07-Wpedantic\x1b]8;;\x07\x1b[m\x1b[K]\n'}
[13.390426] (rplidar_ros) StderrLine: {'line': b'   66 |     sl_u8 data[\x1b[01;35m\x1b[K0\x1b[m\x1b[K];\n'}
[13.390544] (rplidar_ros) StderrLine: {'line': b'      |                \x1b[01;35m\x1b[K^\x1b[m\x1b[K\n'}
[13.390657] (rplidar_ros) StderrLine: {'line': b'In file included from \x1b[01m\x1b[K/home/ty/rplidar_sdk/src/rplidar_ros/sdk/include/sl_crc.h:36\x1b[m\x1b[K,\n'}
[13.390769] (rplidar_ros) StderrLine: {'line': b'                 from \x1b[01m\x1b[K/home/ty/rplidar_sdk/src/rplidar_ros/sdk/src/sl_crc.cpp:33\x1b[m\x1b[K:\n'}
[13.390878] (rplidar_ros) StderrLine: {'line': b'\x1b[01m\x1b[K/home/ty/rplidar_sdk/src/rplidar_ros/sdk/include/sl_lidar_cmd.h:324:20:\x1b[m\x1b[K \x1b[01;35m\x1b[Kwarning: \x1b[m\x1b[KISO C++ forbids zero-size array \xe2\x80\x98\x1b[01m\x1b[Kpayload\x1b[m\x1b[K\xe2\x80\x99 [\x1b[01;35m\x1b[K\x1b]8;;https://gcc.gnu.org/onlinedocs/gcc/Warning-Options.html#index-Wpedantic\x07-Wpedantic\x1b]8;;\x07\x1b[m\x1b[K]\n'}
[13.391040] (rplidar_ros) StderrLine: {'line': b'  324 |     sl_u8  payload[\x1b[01;35m\x1b[K0\x1b[m\x1b[K];\n'}
[13.391155] (rplidar_ros) StderrLine: {'line': b'      |                    \x1b[01;35m\x1b[K^\x1b[m\x1b[K\n'}
[13.422799] (rplidar_ros) StderrLine: {'line': b'\x1b[01m\x1b[K/home/ty/rplidar_sdk/src/rplidar_ros/sdk/src/rplidar_driver.cpp:\x1b[m\x1b[K In member function \xe2\x80\x98\x1b[01m\x1b[Ku_result rp::standalone::rplidar::RPlidarDriver::connect(const char*, _u32, _u32)\x1b[m\x1b[K\xe2\x80\x99:\n'}
[13.423232] (rplidar_ros) StderrLine: {'line': b'\x1b[01m\x1b[K/home/ty/rplidar_sdk/src/rplidar_ros/sdk/src/rplidar_driver.cpp:67:77:\x1b[m\x1b[K \x1b[01;35m\x1b[Kwarning: \x1b[m\x1b[Kunused parameter \xe2\x80\x98\x1b[01m\x1b[Kflag\x1b[m\x1b[K\xe2\x80\x99 [\x1b[01;35m\x1b[K\x1b]8;;https://gcc.gnu.org/onlinedocs/gcc/Warning-Options.html#index-Wunused-parameter\x07-Wunused-parameter\x1b]8;;\x07\x1b[m\x1b[K]\n'}
[13.423397] (rplidar_ros) StderrLine: {'line': b'   67 |     u_result RPlidarDriver::connect(const char *path, _u32 portOrBaud, \x1b[01;35m\x1b[K_u32 flag\x1b[m\x1b[K)\n'}
[13.423550] (rplidar_ros) StderrLine: {'line': b'      |                                                                        \x1b[01;35m\x1b[K~~~~~^~~~\x1b[m\x1b[K\n'}
[13.423819] (rplidar_ros) StderrLine: {'line': b'\x1b[01m\x1b[K/home/ty/rplidar_sdk/src/rplidar_ros/sdk/src/rplidar_driver.cpp:\x1b[m\x1b[K In member function \xe2\x80\x98\x1b[01m\x1b[Ku_result rp::standalone::rplidar::RPlidarDriver::reset(_u32)\x1b[m\x1b[K\xe2\x80\x99:\n'}
[13.423969] (rplidar_ros) StderrLine: {'line': b'\x1b[01m\x1b[K/home/ty/rplidar_sdk/src/rplidar_ros/sdk/src/rplidar_driver.cpp:101:40:\x1b[m\x1b[K \x1b[01;35m\x1b[Kwarning: \x1b[m\x1b[Kunused parameter \xe2\x80\x98\x1b[01m\x1b[Ktimeout\x1b[m\x1b[K\xe2\x80\x99 [\x1b[01;35m\x1b[K\x1b]8;;https://gcc.gnu.org/onlinedocs/gcc/Warning-Options.html#index-Wunused-parameter\x07-Wunused-parameter\x1b]8;;\x07\x1b[m\x1b[K]\n'}
[13.424119] (rplidar_ros) StderrLine: {'line': b'  101 |     u_result RPlidarDriver::reset(\x1b[01;35m\x1b[K_u32 timeout\x1b[m\x1b[K)\n'}
[13.424255] (rplidar_ros) StderrLine: {'line': b'      |                                   \x1b[01;35m\x1b[K~~~~~^~~~~~~\x1b[m\x1b[K\n'}
[13.425275] (rplidar_ros) StderrLine: {'line': b'\x1b[01m\x1b[K/home/ty/rplidar_sdk/src/rplidar_ros/sdk/src/rplidar_driver.cpp:\x1b[m\x1b[K In member function \xe2\x80\x98\x1b[01m\x1b[Ku_result rp::standalone::rplidar::RPlidarDriver::getScanDataWithInterval(rplidar_response_measurement_node_t*, size_t&)\x1b[m\x1b[K\xe2\x80\x99:\n'}
[13.425452] (rplidar_ros) StderrLine: {'line': b'\x1b[01m\x1b[K/home/ty/rplidar_sdk/src/rplidar_ros/sdk/src/rplidar_driver.cpp:180:91:\x1b[m\x1b[K \x1b[01;35m\x1b[Kwarning: \x1b[m\x1b[Kunused parameter \xe2\x80\x98\x1b[01m\x1b[Knodebuffer\x1b[m\x1b[K\xe2\x80\x99 [\x1b[01;35m\x1b[K\x1b]8;;https://gcc.gnu.org/onlinedocs/gcc/Warning-Options.html#index-Wunused-parameter\x07-Wunused-parameter\x1b]8;;\x07\x1b[m\x1b[K]\n'}
[13.425587] (rplidar_ros) StderrLine: {'line': b'  180 |     u_result RPlidarDriver::getScanDataWithInterval(\x1b[01;35m\x1b[Krplidar_response_measurement_node_t * nodebuffer\x1b[m\x1b[K, size_t & count)\n'}
[13.425707] (rplidar_ros) StderrLine: {'line': b'      |                                                     \x1b[01;35m\x1b[K~~~~~~~~~~~~~~~~~~~~~~~~~~~~~~~~~~~~~~^~~~~~~~~~\x1b[m\x1b[K\n'}
[13.425823] (rplidar_ros) StderrLine: {'line': b'\x1b[01m\x1b[K/home/ty/rplidar_sdk/src/rplidar_ros/sdk/src/rplidar_driver.cpp:180:112:\x1b[m\x1b[K \x1b[01;35m\x1b[Kwarning: \x1b[m\x1b[Kunused parameter \xe2\x80\x98\x1b[01m\x1b[Kcount\x1b[m\x1b[K\xe2\x80\x99 [\x1b[01;35m\x1b[K\x1b]8;;https://gcc.gnu.org/onlinedocs/gcc/Warning-Options.html#index-Wunused-parameter\x07-Wunused-parameter\x1b]8;;\x07\x1b[m\x1b[K]\n'}
[13.425961] (rplidar_ros) StderrLine: {'line': b'  180 |     u_result RPlidarDriver::getScanDataWithInterval(rplidar_response_measurement_node_t * nodebuffer, \x1b[01;35m\x1b[Ksize_t & count\x1b[m\x1b[K)\n'}
[13.426089] (rplidar_ros) StderrLine: {'line': b'      |                                                                                                       \x1b[01;35m\x1b[K~~~~~~~~~^~~~~\x1b[m\x1b[K\n'}
[13.458067] (-) TimerEvent: {}
[13.488629] (rplidar_ros) StdoutLine: {'line': b'[ 81%] \x1b[32mBuilding CXX object CMakeFiles/rplidar_composition.dir/sdk/src/sl_lidar_driver.cpp.o\x1b[0m\n'}
[13.558262] (-) TimerEvent: {}
[13.658977] (-) TimerEvent: {}
[13.665678] (rplidar_ros) StdoutLine: {'line': b'[ 84%] \x1b[32mBuilding CXX object CMakeFiles/rplidar_composition.dir/sdk/src/sl_lidarprotocol_codec.cpp.o\x1b[0m\n'}
[13.759158] (-) TimerEvent: {}
[13.859843] (-) TimerEvent: {}
[13.901533] (rplidar_ros) StderrLine: {'line': b'In file included from \x1b[01m\x1b[K/home/ty/rplidar_sdk/src/rplidar_ros/sdk/include/rplidar_protocol.h:36\x1b[m\x1b[K,\n'}
[13.902103] (rplidar_ros) StderrLine: {'line': b'                 from \x1b[01m\x1b[K/home/ty/rplidar_sdk/src/rplidar_ros/sdk/include/rplidar.h:39\x1b[m\x1b[K,\n'}
[13.902365] (rplidar_ros) StderrLine: {'line': b'                 from \x1b[01m\x1b[K/home/ty/rplidar_sdk/src/rplidar_ros/sdk/src/sdkcommon.h:49\x1b[m\x1b[K,\n'}
[13.902603] (rplidar_ros) StderrLine: {'line': b'                 from \x1b[01m\x1b[K/home/ty/rplidar_sdk/src/rplidar_ros/sdk/src/sl_async_transceiver.cpp:35\x1b[m\x1b[K:\n'}
[13.902848] (rplidar_ros) StderrLine: {'line': b'\x1b[01m\x1b[K/home/ty/rplidar_sdk/src/rplidar_ros/sdk/include/sl_lidar_protocol.h:66:16:\x1b[m\x1b[K \x1b[01;35m\x1b[Kwarning: \x1b[m\x1b[KISO C++ forbids zero-size array \xe2\x80\x98\x1b[01m\x1b[Kdata\x1b[m\x1b[K\xe2\x80\x99 [\x1b[01;35m\x1b[K\x1b]8;;https://gcc.gnu.org/onlinedocs/gcc/Warning-Options.html#index-Wpedantic\x07-Wpedantic\x1b]8;;\x07\x1b[m\x1b[K]\n'}
[13.903085] (rplidar_ros) StderrLine: {'line': b'   66 |     sl_u8 data[\x1b[01;35m\x1b[K0\x1b[m\x1b[K];\n'}
[13.903300] (rplidar_ros) StderrLine: {'line': b'      |                \x1b[01;35m\x1b[K^\x1b[m\x1b[K\n'}
[13.904604] (rplidar_ros) StderrLine: {'line': b'In file included from \x1b[01m\x1b[K/home/ty/rplidar_sdk/src/rplidar_ros/sdk/include/rplidar_cmd.h:36\x1b[m\x1b[K,\n'}
[13.904916] (rplidar_ros) StderrLine: {'line': b'                 from \x1b[01m\x1b[K/home/ty/rplidar_sdk/src/rplidar_ros/sdk/include/rplidar.h:40\x1b[m\x1b[K,\n'}
[13.905167] (rplidar_ros) StderrLine: {'line': b'                 from \x1b[01m\x1b[K/home/ty/rplidar_sdk/src/rplidar_ros/sdk/src/sdkcommon.h:49\x1b[m\x1b[K,\n'}
[13.905396] (rplidar_ros) StderrLine: {'line': b'                 from \x1b[01m\x1b[K/home/ty/rplidar_sdk/src/rplidar_ros/sdk/src/sl_async_transceiver.cpp:35\x1b[m\x1b[K:\n'}
[13.905643] (rplidar_ros) StderrLine: {'line': b'\x1b[01m\x1b[K/home/ty/rplidar_sdk/src/rplidar_ros/sdk/include/sl_lidar_cmd.h:324:20:\x1b[m\x1b[K \x1b[01;35m\x1b[Kwarning: \x1b[m\x1b[KISO C++ forbids zero-size array \xe2\x80\x98\x1b[01m\x1b[Kpayload\x1b[m\x1b[K\xe2\x80\x99 [\x1b[01;35m\x1b[K\x1b]8;;https://gcc.gnu.org/onlinedocs/gcc/Warning-Options.html#index-Wpedantic\x07-Wpedantic\x1b]8;;\x07\x1b[m\x1b[K]\n'}
[13.905877] (rplidar_ros) StderrLine: {'line': b'  324 |     sl_u8  payload[\x1b[01;35m\x1b[K0\x1b[m\x1b[K];\n'}
[13.906099] (rplidar_ros) StderrLine: {'line': b'      |                    \x1b[01;35m\x1b[K^\x1b[m\x1b[K\n'}
[13.960030] (-) TimerEvent: {}
[14.060726] (-) TimerEvent: {}
[14.110953] (rplidar_ros) StderrLine: {'line': b'In file included from \x1b[01m\x1b[K/home/ty/rplidar_sdk/src/rplidar_ros/sdk/src/sl_async_transceiver.cpp:44\x1b[m\x1b[K:\n'}
[14.111556] (rplidar_ros) StderrLine: {'line': b'\x1b[01m\x1b[K/home/ty/rplidar_sdk/src/rplidar_ros/sdk/src/sl_async_transceiver.h:\x1b[m\x1b[K In member function \xe2\x80\x98\x1b[01m\x1b[Kvirtual void sl::internal::IAsyncProtocolCodec::onChannelError(u_result)\x1b[m\x1b[K\xe2\x80\x99:\n'}
[14.111866] (rplidar_ros) StderrLine: {'line': b'\x1b[01m\x1b[K/home/ty/rplidar_sdk/src/rplidar_ros/sdk/src/sl_async_transceiver.h:90:48:\x1b[m\x1b[K \x1b[01;35m\x1b[Kwarning: \x1b[m\x1b[Kunused parameter \xe2\x80\x98\x1b[01m\x1b[KerrCode\x1b[m\x1b[K\xe2\x80\x99 [\x1b[01;35m\x1b[K\x1b]8;;https://gcc.gnu.org/onlinedocs/gcc/Warning-Options.html#index-Wunused-parameter\x07-Wunused-parameter\x1b]8;;\x07\x1b[m\x1b[K]\n'}
[14.112162] (rplidar_ros) StderrLine: {'line': b'   90 |         virtual void   onChannelError(\x1b[01;35m\x1b[Ku_result errCode\x1b[m\x1b[K) {}\n'}
[14.112416] (rplidar_ros) StderrLine: {'line': b'      |                                       \x1b[01;35m\x1b[K~~~~~~~~~^~~~~~~\x1b[m\x1b[K\n'}
[14.160931] (-) TimerEvent: {}
[14.261636] (-) TimerEvent: {}
[14.362325] (-) TimerEvent: {}
[14.440981] (rplidar_ros) StdoutLine: {'line': b'[ 86%] \x1b[32mBuilding CXX object CMakeFiles/rplidar_composition.dir/sdk/src/sl_serial_channel.cpp.o\x1b[0m\n'}
[14.462546] (-) TimerEvent: {}
[14.545318] (rplidar_ros) StderrLine: {'line': b'In file included from \x1b[01m\x1b[K/home/ty/rplidar_sdk/src/rplidar_ros/sdk/include/rplidar_protocol.h:36\x1b[m\x1b[K,\n'}
[14.545782] (rplidar_ros) StderrLine: {'line': b'                 from \x1b[01m\x1b[K/home/ty/rplidar_sdk/src/rplidar_ros/sdk/include/rplidar.h:39\x1b[m\x1b[K,\n'}
[14.545963] (rplidar_ros) StderrLine: {'line': b'                 from \x1b[01m\x1b[K/home/ty/rplidar_sdk/src/rplidar_ros/sdk/src/sdkcommon.h:49\x1b[m\x1b[K,\n'}
[14.546104] (rplidar_ros) StderrLine: {'line': b'                 from \x1b[01m\x1b[K/home/ty/rplidar_sdk/src/rplidar_ros/sdk/src/sl_lidarprotocol_codec.cpp:35\x1b[m\x1b[K:\n'}
[14.546235] (rplidar_ros) StderrLine: {'line': b'\x1b[01m\x1b[K/home/ty/rplidar_sdk/src/rplidar_ros/sdk/include/sl_lidar_protocol.h:66:16:\x1b[m\x1b[K \x1b[01;35m\x1b[Kwarning: \x1b[m\x1b[KISO C++ forbids zero-size array \xe2\x80\x98\x1b[01m\x1b[Kdata\x1b[m\x1b[K\xe2\x80\x99 [\x1b[01;35m\x1b[K\x1b]8;;https://gcc.gnu.org/onlinedocs/gcc/Warning-Options.html#index-Wpedantic\x07-Wpedantic\x1b]8;;\x07\x1b[m\x1b[K]\n'}
[14.546371] (rplidar_ros) StderrLine: {'line': b'   66 |     sl_u8 data[\x1b[01;35m\x1b[K0\x1b[m\x1b[K];\n'}
[14.546491] (rplidar_ros) StderrLine: {'line': b'      |                \x1b[01;35m\x1b[K^\x1b[m\x1b[K\n'}
[14.546793] (rplidar_ros) StderrLine: {'line': b'In file included from \x1b[01m\x1b[K/home/ty/rplidar_sdk/src/rplidar_ros/sdk/include/rplidar_cmd.h:36\x1b[m\x1b[K,\n'}
[14.546954] (rplidar_ros) StderrLine: {'line': b'                 from \x1b[01m\x1b[K/home/ty/rplidar_sdk/src/rplidar_ros/sdk/include/rplidar.h:40\x1b[m\x1b[K,\n'}
[14.547082] (rplidar_ros) StderrLine: {'line': b'                 from \x1b[01m\x1b[K/home/ty/rplidar_sdk/src/rplidar_ros/sdk/src/sdkcommon.h:49\x1b[m\x1b[K,\n'}
[14.547197] (rplidar_ros) StderrLine: {'line': b'                 from \x1b[01m\x1b[K/home/ty/rplidar_sdk/src/rplidar_ros/sdk/src/sl_lidarprotocol_codec.cpp:35\x1b[m\x1b[K:\n'}
[14.547309] (rplidar_ros) StderrLine: {'line': b'\x1b[01m\x1b[K/home/ty/rplidar_sdk/src/rplidar_ros/sdk/include/sl_lidar_cmd.h:324:20:\x1b[m\x1b[K \x1b[01;35m\x1b[Kwarning: \x1b[m\x1b[KISO C++ forbids zero-size array \xe2\x80\x98\x1b[01m\x1b[Kpayload\x1b[m\x1b[K\xe2\x80\x99 [\x1b[01;35m\x1b[K\x1b]8;;https://gcc.gnu.org/onlinedocs/gcc/Warning-Options.html#index-Wpedantic\x07-Wpedantic\x1b]8;;\x07\x1b[m\x1b[K]\n'}
[14.547463] (rplidar_ros) StderrLine: {'line': b'  324 |     sl_u8  payload[\x1b[01;35m\x1b[K0\x1b[m\x1b[K];\n'}
[14.547611] (rplidar_ros) StderrLine: {'line': b'      |                    \x1b[01;35m\x1b[K^\x1b[m\x1b[K\n'}
[14.563781] (-) TimerEvent: {}
[14.571866] (rplidar_ros) StderrLine: {'line': b'In file included from \x1b[01m\x1b[K/home/ty/rplidar_sdk/src/rplidar_ros/sdk/include/rplidar_protocol.h:36\x1b[m\x1b[K,\n'}
[14.572496] (rplidar_ros) StderrLine: {'line': b'                 from \x1b[01m\x1b[K/home/ty/rplidar_sdk/src/rplidar_ros/sdk/include/rplidar.h:39\x1b[m\x1b[K,\n'}
[14.572858] (rplidar_ros) StderrLine: {'line': b'                 from \x1b[01m\x1b[K/home/ty/rplidar_sdk/src/rplidar_ros/sdk/src/sdkcommon.h:49\x1b[m\x1b[K,\n'}
[14.573158] (rplidar_ros) StderrLine: {'line': b'                 from \x1b[01m\x1b[K/home/ty/rplidar_sdk/src/rplidar_ros/sdk/src/sl_lidar_driver.cpp:33\x1b[m\x1b[K:\n'}
[14.573463] (rplidar_ros) StderrLine: {'line': b'\x1b[01m\x1b[K/home/ty/rplidar_sdk/src/rplidar_ros/sdk/include/sl_lidar_protocol.h:66:16:\x1b[m\x1b[K \x1b[01;35m\x1b[Kwarning: \x1b[m\x1b[KISO C++ forbids zero-size array \xe2\x80\x98\x1b[01m\x1b[Kdata\x1b[m\x1b[K\xe2\x80\x99 [\x1b[01;35m\x1b[K\x1b]8;;https://gcc.gnu.org/onlinedocs/gcc/Warning-Options.html#index-Wpedantic\x07-Wpedantic\x1b]8;;\x07\x1b[m\x1b[K]\n'}
[14.573724] (rplidar_ros) StderrLine: {'line': b'   66 |     sl_u8 data[\x1b[01;35m\x1b[K0\x1b[m\x1b[K];\n'}
[14.573959] (rplidar_ros) StderrLine: {'line': b'      |                \x1b[01;35m\x1b[K^\x1b[m\x1b[K\n'}
[14.575608] (rplidar_ros) StderrLine: {'line': b'In file included from \x1b[01m\x1b[K/home/ty/rplidar_sdk/src/rplidar_ros/sdk/include/rplidar_cmd.h:36\x1b[m\x1b[K,\n'}
[14.576235] (rplidar_ros) StderrLine: {'line': b'                 from \x1b[01m\x1b[K/home/ty/rplidar_sdk/src/rplidar_ros/sdk/include/rplidar.h:40\x1b[m\x1b[K,\n'}
[14.576617] (rplidar_ros) StderrLine: {'line': b'                 from \x1b[01m\x1b[K/home/ty/rplidar_sdk/src/rplidar_ros/sdk/src/sdkcommon.h:49\x1b[m\x1b[K,\n'}
[14.576797] (rplidar_ros) StderrLine: {'line': b'                 from \x1b[01m\x1b[K/home/ty/rplidar_sdk/src/rplidar_ros/sdk/src/sl_lidar_driver.cpp:33\x1b[m\x1b[K:\n'}
[14.576937] (rplidar_ros) StderrLine: {'line': b'\x1b[01m\x1b[K/home/ty/rplidar_sdk/src/rplidar_ros/sdk/include/sl_lidar_cmd.h:324:20:\x1b[m\x1b[K \x1b[01;35m\x1b[Kwarning: \x1b[m\x1b[KISO C++ forbids zero-size array \xe2\x80\x98\x1b[01m\x1b[Kpayload\x1b[m\x1b[K\xe2\x80\x99 [\x1b[01;35m\x1b[K\x1b]8;;https://gcc.gnu.org/onlinedocs/gcc/Warning-Options.html#index-Wpedantic\x07-Wpedantic\x1b]8;;\x07\x1b[m\x1b[K]\n'}
[14.577079] (rplidar_ros) StderrLine: {'line': b'  324 |     sl_u8  payload[\x1b[01;35m\x1b[K0\x1b[m\x1b[K];\n'}
[14.577200] (rplidar_ros) StderrLine: {'line': b'      |                    \x1b[01;35m\x1b[K^\x1b[m\x1b[K\n'}
[14.663884] (-) TimerEvent: {}
[14.764573] (-) TimerEvent: {}
[14.865273] (-) TimerEvent: {}
[14.934463] (rplidar_ros) StderrLine: {'line': b'In file included from \x1b[01m\x1b[K/home/ty/rplidar_sdk/src/rplidar_ros/sdk/include/sl_lidar_cmd.h:41\x1b[m\x1b[K,\n'}
[14.934966] (rplidar_ros) StderrLine: {'line': b'                 from \x1b[01m\x1b[K/home/ty/rplidar_sdk/src/rplidar_ros/sdk/include/sl_lidar_driver.h:54\x1b[m\x1b[K,\n'}
[14.935163] (rplidar_ros) StderrLine: {'line': b'                 from \x1b[01m\x1b[K/home/ty/rplidar_sdk/src/rplidar_ros/sdk/src/sl_serial_channel.cpp:33\x1b[m\x1b[K:\n'}
[14.935392] (rplidar_ros) StderrLine: {'line': b'\x1b[01m\x1b[K/home/ty/rplidar_sdk/src/rplidar_ros/sdk/include/sl_lidar_protocol.h:66:16:\x1b[m\x1b[K \x1b[01;35m\x1b[Kwarning: \x1b[m\x1b[KISO C++ forbids zero-size array \xe2\x80\x98\x1b[01m\x1b[Kdata\x1b[m\x1b[K\xe2\x80\x99 [\x1b[01;35m\x1b[K\x1b]8;;https://gcc.gnu.org/onlinedocs/gcc/Warning-Options.html#index-Wpedantic\x07-Wpedantic\x1b]8;;\x07\x1b[m\x1b[K]\n'}
[14.935584] (rplidar_ros) StderrLine: {'line': b'   66 |     sl_u8 data[\x1b[01;35m\x1b[K0\x1b[m\x1b[K];\n'}
[14.935717] (rplidar_ros) StderrLine: {'line': b'      |                \x1b[01;35m\x1b[K^\x1b[m\x1b[K\n'}
[14.936009] (rplidar_ros) StderrLine: {'line': b'In file included from \x1b[01m\x1b[K/home/ty/rplidar_sdk/src/rplidar_ros/sdk/include/sl_lidar_driver.h:54\x1b[m\x1b[K,\n'}
[14.936160] (rplidar_ros) StderrLine: {'line': b'                 from \x1b[01m\x1b[K/home/ty/rplidar_sdk/src/rplidar_ros/sdk/src/sl_serial_channel.cpp:33\x1b[m\x1b[K:\n'}
[14.936280] (rplidar_ros) StderrLine: {'line': b'\x1b[01m\x1b[K/home/ty/rplidar_sdk/src/rplidar_ros/sdk/include/sl_lidar_cmd.h:324:20:\x1b[m\x1b[K \x1b[01;35m\x1b[Kwarning: \x1b[m\x1b[KISO C++ forbids zero-size array \xe2\x80\x98\x1b[01m\x1b[Kpayload\x1b[m\x1b[K\xe2\x80\x99 [\x1b[01;35m\x1b[K\x1b]8;;https://gcc.gnu.org/onlinedocs/gcc/Warning-Options.html#index-Wpedantic\x07-Wpedantic\x1b]8;;\x07\x1b[m\x1b[K]\n'}
[14.936443] (rplidar_ros) StderrLine: {'line': b'  324 |     sl_u8  payload[\x1b[01;35m\x1b[K0\x1b[m\x1b[K];\n'}
[14.936560] (rplidar_ros) StderrLine: {'line': b'      |                    \x1b[01;35m\x1b[K^\x1b[m\x1b[K\n'}
[14.965475] (-) TimerEvent: {}
[14.975616] (rplidar_ros) StderrLine: {'line': b'In file included from \x1b[01m\x1b[K/home/ty/rplidar_sdk/src/rplidar_ros/sdk/src/sl_lidarprotocol_codec.cpp:49\x1b[m\x1b[K:\n'}
[14.976268] (rplidar_ros) StderrLine: {'line': b'\x1b[01m\x1b[K/home/ty/rplidar_sdk/src/rplidar_ros/sdk/src/sl_async_transceiver.h:\x1b[m\x1b[K In member function \xe2\x80\x98\x1b[01m\x1b[Kvirtual void sl::internal::IAsyncProtocolCodec::onChannelError(u_result)\x1b[m\x1b[K\xe2\x80\x99:\n'}
[14.976665] (rplidar_ros) StderrLine: {'line': b'\x1b[01m\x1b[K/home/ty/rplidar_sdk/src/rplidar_ros/sdk/src/sl_async_transceiver.h:90:48:\x1b[m\x1b[K \x1b[01;35m\x1b[Kwarning: \x1b[m\x1b[Kunused parameter \xe2\x80\x98\x1b[01m\x1b[KerrCode\x1b[m\x1b[K\xe2\x80\x99 [\x1b[01;35m\x1b[K\x1b]8;;https://gcc.gnu.org/onlinedocs/gcc/Warning-Options.html#index-Wunused-parameter\x07-Wunused-parameter\x1b]8;;\x07\x1b[m\x1b[K]\n'}
[14.976963] (rplidar_ros) StderrLine: {'line': b'   90 |         virtual void   onChannelError(\x1b[01;35m\x1b[Ku_result errCode\x1b[m\x1b[K) {}\n'}
[14.977227] (rplidar_ros) StderrLine: {'line': b'      |                                       \x1b[01;35m\x1b[K~~~~~~~~~^~~~~~~\x1b[m\x1b[K\n'}
[15.061526] (rplidar_ros) StdoutLine: {'line': b'[ 89%] \x1b[32mBuilding CXX object CMakeFiles/rplidar_composition.dir/sdk/src/sl_tcp_channel.cpp.o\x1b[0m\n'}
[15.065686] (-) TimerEvent: {}
[15.124893] (rplidar_ros) StderrLine: {'line': b'In file included from \x1b[01m\x1b[K/home/ty/rplidar_sdk/src/rplidar_ros/sdk/src/sl_lidar_driver.cpp:50\x1b[m\x1b[K:\n'}
[15.125339] (rplidar_ros) StderrLine: {'line': b'\x1b[01m\x1b[K/home/ty/rplidar_sdk/src/rplidar_ros/sdk/src/dataunpacker/dataunpacker.h:\x1b[m\x1b[K In member function \xe2\x80\x98\x1b[01m\x1b[Kvirtual void sl::internal::LIDARSampleDataListener::onCustomSampleDataDecoded(_u8, _u32, const void*, size_t)\x1b[m\x1b[K\xe2\x80\x99:\n'}
[15.125562] (rplidar_ros) StderrLine: {'line': b'\x1b[01m\x1b[K/home/ty/rplidar_sdk/src/rplidar_ros/sdk/src/dataunpacker/dataunpacker.h:54:52:\x1b[m\x1b[K \x1b[01;35m\x1b[Kwarning: \x1b[m\x1b[Kunused parameter \xe2\x80\x98\x1b[01m\x1b[KansType\x1b[m\x1b[K\xe2\x80\x99 [\x1b[01;35m\x1b[K\x1b]8;;https://gcc.gnu.org/onlinedocs/gcc/Warning-Options.html#index-Wunused-parameter\x07-Wunused-parameter\x1b]8;;\x07\x1b[m\x1b[K]\n'}
[15.125715] (rplidar_ros) StderrLine: {'line': b'   54 |         virtual void onCustomSampleDataDecoded(\x1b[01;35m\x1b[K_u8 ansType\x1b[m\x1b[K, _u32 customCode, const void* data, size_t size) {}\n'}
[15.125850] (rplidar_ros) StderrLine: {'line': b'      |                                                \x1b[01;35m\x1b[K~~~~^~~~~~~\x1b[m\x1b[K\n'}
[15.125971] (rplidar_ros) StderrLine: {'line': b'\x1b[01m\x1b[K/home/ty/rplidar_sdk/src/rplidar_ros/sdk/src/dataunpacker/dataunpacker.h:54:66:\x1b[m\x1b[K \x1b[01;35m\x1b[Kwarning: \x1b[m\x1b[Kunused parameter \xe2\x80\x98\x1b[01m\x1b[KcustomCode\x1b[m\x1b[K\xe2\x80\x99 [\x1b[01;35m\x1b[K\x1b]8;;https://gcc.gnu.org/onlinedocs/gcc/Warning-Options.html#index-Wunused-parameter\x07-Wunused-parameter\x1b]8;;\x07\x1b[m\x1b[K]\n'}
[15.126095] (rplidar_ros) StderrLine: {'line': b'   54 |         virtual void onCustomSampleDataDecoded(_u8 ansType, \x1b[01;35m\x1b[K_u32 customCode\x1b[m\x1b[K, const void* data, size_t size) {}\n'}
[15.126208] (rplidar_ros) StderrLine: {'line': b'      |                                                             \x1b[01;35m\x1b[K~~~~~^~~~~~~~~~\x1b[m\x1b[K\n'}
[15.126319] (rplidar_ros) StderrLine: {'line': b'\x1b[01m\x1b[K/home/ty/rplidar_sdk/src/rplidar_ros/sdk/src/dataunpacker/dataunpacker.h:54:90:\x1b[m\x1b[K \x1b[01;35m\x1b[Kwarning: \x1b[m\x1b[Kunused parameter \xe2\x80\x98\x1b[01m\x1b[Kdata\x1b[m\x1b[K\xe2\x80\x99 [\x1b[01;35m\x1b[K\x1b]8;;https://gcc.gnu.org/onlinedocs/gcc/Warning-Options.html#index-Wunused-parameter\x07-Wunused-parameter\x1b]8;;\x07\x1b[m\x1b[K]\n'}
[15.126458] (rplidar_ros) StderrLine: {'line': b'   54 |         virtual void onCustomSampleDataDecoded(_u8 ansType, _u32 customCode, \x1b[01;35m\x1b[Kconst void* data\x1b[m\x1b[K, size_t size) {}\n'}
[15.126570] (rplidar_ros) StderrLine: {'line': b'      |                                                                              \x1b[01;35m\x1b[K~~~~~~~~~~~~^~~~\x1b[m\x1b[K\n'}
[15.126683] (rplidar_ros) StderrLine: {'line': b'\x1b[01m\x1b[K/home/ty/rplidar_sdk/src/rplidar_ros/sdk/src/dataunpacker/dataunpacker.h:54:103:\x1b[m\x1b[K \x1b[01;35m\x1b[Kwarning: \x1b[m\x1b[Kunused parameter \xe2\x80\x98\x1b[01m\x1b[Ksize\x1b[m\x1b[K\xe2\x80\x99 [\x1b[01;35m\x1b[K\x1b]8;;https://gcc.gnu.org/onlinedocs/gcc/Warning-Options.html#index-Wunused-parameter\x07-Wunused-parameter\x1b]8;;\x07\x1b[m\x1b[K]\n'}
[15.126815] (rplidar_ros) StderrLine: {'line': b'   54 |         virtual void onCustomSampleDataDecoded(_u8 ansType, _u32 customCode, const void* data, \x1b[01;35m\x1b[Ksize_t size\x1b[m\x1b[K) {}\n'}
[15.126927] (rplidar_ros) StderrLine: {'line': b'      |                                                                                                \x1b[01;35m\x1b[K~~~~~~~^~~~\x1b[m\x1b[K\n'}
[15.127034] (rplidar_ros) StderrLine: {'line': b'\x1b[01m\x1b[K/home/ty/rplidar_sdk/src/rplidar_ros/sdk/src/dataunpacker/dataunpacker.h:\x1b[m\x1b[K In member function \xe2\x80\x98\x1b[01m\x1b[Kvirtual void sl::internal::LIDARSampleDataListener::onDecodingError(int, _u8, const void*, size_t)\x1b[m\x1b[K\xe2\x80\x99:\n'}
[15.127147] (rplidar_ros) StderrLine: {'line': b'\x1b[01m\x1b[K/home/ty/rplidar_sdk/src/rplidar_ros/sdk/src/dataunpacker/dataunpacker.h:56:42:\x1b[m\x1b[K \x1b[01;35m\x1b[Kwarning: \x1b[m\x1b[Kunused parameter \xe2\x80\x98\x1b[01m\x1b[KerrMsg\x1b[m\x1b[K\xe2\x80\x99 [\x1b[01;35m\x1b[K\x1b]8;;https://gcc.gnu.org/onlinedocs/gcc/Warning-Options.html#index-Wunused-parameter\x07-Wunused-parameter\x1b]8;;\x07\x1b[m\x1b[K]\n'}
[15.127280] (rplidar_ros) StderrLine: {'line': b'   56 |         virtual void onDecodingError(\x1b[01;35m\x1b[Kint errMsg\x1b[m\x1b[K, _u8 ansType, const void* payload, size_t size) {}\n'}
[15.127393] (rplidar_ros) StderrLine: {'line': b'      |                                      \x1b[01;35m\x1b[K~~~~^~~~~~\x1b[m\x1b[K\n'}
[15.127534] (rplidar_ros) StderrLine: {'line': b'\x1b[01m\x1b[K/home/ty/rplidar_sdk/src/rplidar_ros/sdk/src/dataunpacker/dataunpacker.h:56:54:\x1b[m\x1b[K \x1b[01;35m\x1b[Kwarning: \x1b[m\x1b[Kunused parameter \xe2\x80\x98\x1b[01m\x1b[KansType\x1b[m\x1b[K\xe2\x80\x99 [\x1b[01;35m\x1b[K\x1b]8;;https://gcc.gnu.org/onlinedocs/gcc/Warning-Options.html#index-Wunused-parameter\x07-Wunused-parameter\x1b]8;;\x07\x1b[m\x1b[K]\n'}
[15.127679] (rplidar_ros) StderrLine: {'line': b'   56 |         virtual void onDecodingError(int errMsg, \x1b[01;35m\x1b[K_u8 ansType\x1b[m\x1b[K, const void* payload, size_t size) {}\n'}
[15.127792] (rplidar_ros) StderrLine: {'line': b'      |                                                  \x1b[01;35m\x1b[K~~~~^~~~~~~\x1b[m\x1b[K\n'}
[15.127904] (rplidar_ros) StderrLine: {'line': b'\x1b[01m\x1b[K/home/ty/rplidar_sdk/src/rplidar_ros/sdk/src/dataunpacker/dataunpacker.h:56:75:\x1b[m\x1b[K \x1b[01;35m\x1b[Kwarning: \x1b[m\x1b[Kunused parameter \xe2\x80\x98\x1b[01m\x1b[Kpayload\x1b[m\x1b[K\xe2\x80\x99 [\x1b[01;35m\x1b[K\x1b]8;;https://gcc.gnu.org/onlinedocs/gcc/Warning-Options.html#index-Wunused-parameter\x07-Wunused-parameter\x1b]8;;\x07\x1b[m\x1b[K]\n'}
[15.128018] (rplidar_ros) StderrLine: {'line': b'   56 |         virtual void onDecodingError(int errMsg, _u8 ansType, \x1b[01;35m\x1b[Kconst void* payload\x1b[m\x1b[K, size_t size) {}\n'}
[15.128128] (rplidar_ros) StderrLine: {'line': b'      |                                                               \x1b[01;35m\x1b[K~~~~~~~~~~~~^~~~~~~\x1b[m\x1b[K\n'}
[15.128238] (rplidar_ros) StderrLine: {'line': b'\x1b[01m\x1b[K/home/ty/rplidar_sdk/src/rplidar_ros/sdk/src/dataunpacker/dataunpacker.h:56:91:\x1b[m\x1b[K \x1b[01;35m\x1b[Kwarning: \x1b[m\x1b[Kunused parameter \xe2\x80\x98\x1b[01m\x1b[Ksize\x1b[m\x1b[K\xe2\x80\x99 [\x1b[01;35m\x1b[K\x1b]8;;https://gcc.gnu.org/onlinedocs/gcc/Warning-Options.html#index-Wunused-parameter\x07-Wunused-parameter\x1b]8;;\x07\x1b[m\x1b[K]\n'}
[15.128392] (rplidar_ros) StderrLine: {'line': b'   56 |         virtual void onDecodingError(int errMsg, _u8 ansType, const void* payload, \x1b[01;35m\x1b[Ksize_t size\x1b[m\x1b[K) {}\n'}
[15.128506] (rplidar_ros) StderrLine: {'line': b'      |                                                                                    \x1b[01;35m\x1b[K~~~~~~~^~~~\x1b[m\x1b[K\n'}
[15.144277] (rplidar_ros) StderrLine: {'line': b'In file included from \x1b[01m\x1b[K/home/ty/rplidar_sdk/src/rplidar_ros/sdk/src/sl_lidar_driver.cpp:51\x1b[m\x1b[K:\n'}
[15.144743] (rplidar_ros) StderrLine: {'line': b'\x1b[01m\x1b[K/home/ty/rplidar_sdk/src/rplidar_ros/sdk/src/sl_async_transceiver.h:\x1b[m\x1b[K In member function \xe2\x80\x98\x1b[01m\x1b[Kvirtual void sl::internal::IAsyncProtocolCodec::onChannelError(u_result)\x1b[m\x1b[K\xe2\x80\x99:\n'}
[15.144915] (rplidar_ros) StderrLine: {'line': b'\x1b[01m\x1b[K/home/ty/rplidar_sdk/src/rplidar_ros/sdk/src/sl_async_transceiver.h:90:48:\x1b[m\x1b[K \x1b[01;35m\x1b[Kwarning: \x1b[m\x1b[Kunused parameter \xe2\x80\x98\x1b[01m\x1b[KerrCode\x1b[m\x1b[K\xe2\x80\x99 [\x1b[01;35m\x1b[K\x1b]8;;https://gcc.gnu.org/onlinedocs/gcc/Warning-Options.html#index-Wunused-parameter\x07-Wunused-parameter\x1b]8;;\x07\x1b[m\x1b[K]\n'}
[15.145055] (rplidar_ros) StderrLine: {'line': b'   90 |         virtual void   onChannelError(\x1b[01;35m\x1b[Ku_result errCode\x1b[m\x1b[K) {}\n'}
[15.145182] (rplidar_ros) StderrLine: {'line': b'      |                                       \x1b[01;35m\x1b[K~~~~~~~~~^~~~~~~\x1b[m\x1b[K\n'}
[15.165896] (-) TimerEvent: {}
[15.219211] (rplidar_ros) StderrLine: {'line': b'\x1b[01m\x1b[K/home/ty/rplidar_sdk/src/rplidar_ros/sdk/src/sl_lidar_driver.cpp:\x1b[m\x1b[K In member function \xe2\x80\x98\x1b[01m\x1b[Kvirtual sl_result sl::SlamtecLidarDriver::reset(sl_u32)\x1b[m\x1b[K\xe2\x80\x99:\n'}
[15.219711] (rplidar_ros) StderrLine: {'line': b'\x1b[01m\x1b[K/home/ty/rplidar_sdk/src/rplidar_ros/sdk/src/sl_lidar_driver.cpp:511:32:\x1b[m\x1b[K \x1b[01;35m\x1b[Kwarning: \x1b[m\x1b[Kunused parameter \xe2\x80\x98\x1b[01m\x1b[KtimeoutInMs\x1b[m\x1b[K\xe2\x80\x99 [\x1b[01;35m\x1b[K\x1b]8;;https://gcc.gnu.org/onlinedocs/gcc/Warning-Options.html#index-Wunused-parameter\x07-Wunused-parameter\x1b]8;;\x07\x1b[m\x1b[K]\n'}
[15.219929] (rplidar_ros) StderrLine: {'line': b'  511 |         sl_result reset(\x1b[01;35m\x1b[Ksl_u32 timeoutInMs = DEFAULT_TIMEOUT\x1b[m\x1b[K)\n'}
[15.220078] (rplidar_ros) StderrLine: {'line': b'      |                         \x1b[01;35m\x1b[K~~~~~~~^~~~~~~~~~~~~~~~~~~~~~~~~~~~~\x1b[m\x1b[K\n'}
[15.229043] (rplidar_ros) StderrLine: {'line': b'\x1b[01m\x1b[K/home/ty/rplidar_sdk/src/rplidar_ros/sdk/src/sl_lidar_driver.cpp:\x1b[m\x1b[K In member function \xe2\x80\x98\x1b[01m\x1b[Kvirtual sl_result sl::SlamtecLidarDriver::startScan(bool, bool, sl_u32, sl::LidarScanMode*)\x1b[m\x1b[K\xe2\x80\x99:\n'}
[15.229499] (rplidar_ros) StderrLine: {'line': b'\x1b[01m\x1b[K/home/ty/rplidar_sdk/src/rplidar_ros/sdk/src/sl_lidar_driver.cpp:586:69:\x1b[m\x1b[K \x1b[01;35m\x1b[Kwarning: \x1b[m\x1b[Kunused parameter \xe2\x80\x98\x1b[01m\x1b[Koptions\x1b[m\x1b[K\xe2\x80\x99 [\x1b[01;35m\x1b[K\x1b]8;;https://gcc.gnu.org/onlinedocs/gcc/Warning-Options.html#index-Wunused-parameter\x07-Wunused-parameter\x1b]8;;\x07\x1b[m\x1b[K]\n'}
[15.229687] (rplidar_ros) StderrLine: {'line': b'  586 |         sl_result startScan(bool force, bool useTypicalScan, \x1b[01;35m\x1b[Ksl_u32 options = 0\x1b[m\x1b[K, LidarScanMode* outUsedScanMode = nullptr)\n'}
[15.229832] (rplidar_ros) StderrLine: {'line': b'      |                                                              \x1b[01;35m\x1b[K~~~~~~~^~~~~~~~~~~\x1b[m\x1b[K\n'}
[15.233296] (rplidar_ros) StderrLine: {'line': b'\x1b[01m\x1b[K/home/ty/rplidar_sdk/src/rplidar_ros/sdk/src/sl_lidar_driver.cpp:\x1b[m\x1b[K In member function \xe2\x80\x98\x1b[01m\x1b[Kvirtual sl_result sl::SlamtecLidarDriver::stop(sl_u32)\x1b[m\x1b[K\xe2\x80\x99:\n'}
[15.233746] (rplidar_ros) StderrLine: {'line': b'\x1b[01m\x1b[K/home/ty/rplidar_sdk/src/rplidar_ros/sdk/src/sl_lidar_driver.cpp:763:31:\x1b[m\x1b[K \x1b[01;35m\x1b[Kwarning: \x1b[m\x1b[Kunused parameter \xe2\x80\x98\x1b[01m\x1b[Ktimeout\x1b[m\x1b[K\xe2\x80\x99 [\x1b[01;35m\x1b[K\x1b]8;;https://gcc.gnu.org/onlinedocs/gcc/Warning-Options.html#index-Wunused-parameter\x07-Wunused-parameter\x1b]8;;\x07\x1b[m\x1b[K]\n'}
[15.233923] (rplidar_ros) StderrLine: {'line': b'  763 |         sl_result stop(\x1b[01;35m\x1b[Ksl_u32 timeout = DEFAULT_TIMEOUT\x1b[m\x1b[K)\n'}
[15.234058] (rplidar_ros) StderrLine: {'line': b'      |                        \x1b[01;35m\x1b[K~~~~~~~^~~~~~~~~~~~~~~~~~~~~~~~~\x1b[m\x1b[K\n'}
[15.238148] (rplidar_ros) StderrLine: {'line': b'\x1b[01m\x1b[K/home/ty/rplidar_sdk/src/rplidar_ros/sdk/src/sl_lidar_driver.cpp:\x1b[m\x1b[K In member function \xe2\x80\x98\x1b[01m\x1b[Kvirtual sl_result sl::SlamtecLidarDriver::getFrequency(const sl::LidarScanMode&, const sl_lidar_response_measurement_node_hq_t*, size_t, float&)\x1b[m\x1b[K\xe2\x80\x99:\n'}
[15.238561] (rplidar_ros) StderrLine: {'line': b'\x1b[01m\x1b[K/home/ty/rplidar_sdk/src/rplidar_ros/sdk/src/sl_lidar_driver.cpp:880:110:\x1b[m\x1b[K \x1b[01;35m\x1b[Kwarning: \x1b[m\x1b[Kunused parameter \xe2\x80\x98\x1b[01m\x1b[Knodes\x1b[m\x1b[K\xe2\x80\x99 [\x1b[01;35m\x1b[K\x1b]8;;https://gcc.gnu.org/onlinedocs/gcc/Warning-Options.html#index-Wunused-parameter\x07-Wunused-parameter\x1b]8;;\x07\x1b[m\x1b[K]\n'}
[15.238750] (rplidar_ros) StderrLine: {'line': b'  880 |         sl_result getFrequency(const LidarScanMode& scanMode, \x1b[01;35m\x1b[Kconst sl_lidar_response_measurement_node_hq_t* nodes\x1b[m\x1b[K, size_t count, float& frequency)\n'}
[15.238888] (rplidar_ros) StderrLine: {'line': b'      |                                                               \x1b[01;35m\x1b[K~~~~~~~~~~~~~~~~~~~~~~~~~~~~~~~~~~~~~~~~~~~~~~~^~~~~\x1b[m\x1b[K\n'}
[15.244279] (rplidar_ros) StderrLine: {'line': b'\x1b[01m\x1b[K/home/ty/rplidar_sdk/src/rplidar_ros/sdk/src/sl_lidar_driver.cpp:\x1b[m\x1b[K In member function \xe2\x80\x98\x1b[01m\x1b[Kvirtual sl_result sl::SlamtecLidarDriver::getMotorInfo(sl::LidarMotorInfo&, sl_u32)\x1b[m\x1b[K\xe2\x80\x99:\n'}
[15.244700] (rplidar_ros) StderrLine: {'line': b'\x1b[01m\x1b[K/home/ty/rplidar_sdk/src/rplidar_ros/sdk/src/sl_lidar_driver.cpp:1023:66:\x1b[m\x1b[K \x1b[01;35m\x1b[Kwarning: \x1b[m\x1b[Kunused parameter \xe2\x80\x98\x1b[01m\x1b[KtimeoutInMs\x1b[m\x1b[K\xe2\x80\x99 [\x1b[01;35m\x1b[K\x1b]8;;https://gcc.gnu.org/onlinedocs/gcc/Warning-Options.html#index-Wunused-parameter\x07-Wunused-parameter\x1b]8;;\x07\x1b[m\x1b[K]\n'}
[15.244882] (rplidar_ros) StderrLine: {'line': b' 1023 |         sl_result getMotorInfo(LidarMotorInfo &motorInfo, \x1b[01;35m\x1b[Ksl_u32 timeoutInMs\x1b[m\x1b[K)\n'}
[15.245021] (rplidar_ros) StderrLine: {'line': b'      |                                                           \x1b[01;35m\x1b[K~~~~~~~^~~~~~~~~~~\x1b[m\x1b[K\n'}
[15.247273] (rplidar_ros) StderrLine: {'line': b'\x1b[01m\x1b[K/home/ty/rplidar_sdk/src/rplidar_ros/sdk/src/sl_lidar_driver.cpp:\x1b[m\x1b[K In member function \xe2\x80\x98\x1b[01m\x1b[Ku_result sl::SlamtecLidarDriver::getScanModeCount(sl_u16&, sl_u32)\x1b[m\x1b[K\xe2\x80\x99:\n'}
[15.247663] (rplidar_ros) StderrLine: {'line': b'\x1b[01m\x1b[K/home/ty/rplidar_sdk/src/rplidar_ros/sdk/src/sl_lidar_driver.cpp:1199:61:\x1b[m\x1b[K \x1b[01;35m\x1b[Kwarning: \x1b[m\x1b[Kunused parameter \xe2\x80\x98\x1b[01m\x1b[KtimeoutInMs\x1b[m\x1b[K\xe2\x80\x99 [\x1b[01;35m\x1b[K\x1b]8;;https://gcc.gnu.org/onlinedocs/gcc/Warning-Options.html#index-Wunused-parameter\x07-Wunused-parameter\x1b]8;;\x07\x1b[m\x1b[K]\n'}
[15.247836] (rplidar_ros) StderrLine: {'line': b' 1199 |         u_result getScanModeCount(sl_u16& modeCount, \x1b[01;35m\x1b[Ksl_u32 timeoutInMs = DEFAULT_TIMEOUT\x1b[m\x1b[K)\n'}
[15.247993] (rplidar_ros) StderrLine: {'line': b'      |                                                      \x1b[01;35m\x1b[K~~~~~~~^~~~~~~~~~~~~~~~~~~~~~~~~~~~~\x1b[m\x1b[K\n'}
[15.251287] (rplidar_ros) StdoutLine: {'line': b'[ 92%] \x1b[32mBuilding CXX object CMakeFiles/rplidar_composition.dir/sdk/src/sl_udp_channel.cpp.o\x1b[0m\n'}
[15.266135] (-) TimerEvent: {}
[15.363430] (rplidar_ros) StderrLine: {'line': b'/home/ty/rplidar_sdk/src/rplidar_ros/sdk/src/sl_lidar_driver.cpp: In instantiation of \xe2\x80\x98\x1b[01m\x1b[Kvoid sl::RawSampleNodeHolder<T>::pushNode(_u64, const T*) [with T = sl_lidar_response_measurement_node_hq_t; _u64 = long unsigned int]\x1b[m\x1b[K\xe2\x80\x99:\n'}
[15.363906] (rplidar_ros) StderrLine: {'line': b'\x1b[01m\x1b[K/home/ty/rplidar_sdk/src/rplidar_ros/sdk/src/sl_lidar_driver.cpp:1648:42:\x1b[m\x1b[K   required from here\n'}
[15.364066] (rplidar_ros) StderrLine: {'line': b'\x1b[01m\x1b[K/home/ty/rplidar_sdk/src/rplidar_ros/sdk/src/sl_lidar_driver.cpp:202:28:\x1b[m\x1b[K \x1b[01;35m\x1b[Kwarning: \x1b[m\x1b[Kunused parameter \xe2\x80\x98\x1b[01m\x1b[Ktimestamp_uS\x1b[m\x1b[K\xe2\x80\x99 [\x1b[01;35m\x1b[K\x1b]8;;https://gcc.gnu.org/onlinedocs/gcc/Warning-Options.html#index-Wunused-parameter\x07-Wunused-parameter\x1b]8;;\x07\x1b[m\x1b[K]\n'}
[15.364204] (rplidar_ros) StderrLine: {'line': b'  202 |         void pushNode(\x1b[01;35m\x1b[K_u64 timestamp_uS\x1b[m\x1b[K, const T* node)\n'}
[15.364328] (rplidar_ros) StderrLine: {'line': b'      |                       \x1b[01;35m\x1b[K~~~~~^~~~~~~~~~~~\x1b[m\x1b[K\n'}
[15.366238] (-) TimerEvent: {}
[15.466806] (-) TimerEvent: {}
[15.567530] (-) TimerEvent: {}
[15.571811] (rplidar_ros) StderrLine: {'line': b'In file included from \x1b[01m\x1b[K/home/ty/rplidar_sdk/src/rplidar_ros/sdk/include/sl_lidar_cmd.h:41\x1b[m\x1b[K,\n'}
[15.572376] (rplidar_ros) StderrLine: {'line': b'                 from \x1b[01m\x1b[K/home/ty/rplidar_sdk/src/rplidar_ros/sdk/include/sl_lidar_driver.h:54\x1b[m\x1b[K,\n'}
[15.572628] (rplidar_ros) StderrLine: {'line': b'                 from \x1b[01m\x1b[K/home/ty/rplidar_sdk/src/rplidar_ros/sdk/src/sl_tcp_channel.cpp:33\x1b[m\x1b[K:\n'}
[15.572876] (rplidar_ros) StderrLine: {'line': b'\x1b[01m\x1b[K/home/ty/rplidar_sdk/src/rplidar_ros/sdk/include/sl_lidar_protocol.h:66:16:\x1b[m\x1b[K \x1b[01;35m\x1b[Kwarning: \x1b[m\x1b[KISO C++ forbids zero-size array \xe2\x80\x98\x1b[01m\x1b[Kdata\x1b[m\x1b[K\xe2\x80\x99 [\x1b[01;35m\x1b[K\x1b]8;;https://gcc.gnu.org/onlinedocs/gcc/Warning-Options.html#index-Wpedantic\x07-Wpedantic\x1b]8;;\x07\x1b[m\x1b[K]\n'}
[15.573147] (rplidar_ros) StderrLine: {'line': b'   66 |     sl_u8 data[\x1b[01;35m\x1b[K0\x1b[m\x1b[K];\n'}
[15.573369] (rplidar_ros) StderrLine: {'line': b'      |                \x1b[01;35m\x1b[K^\x1b[m\x1b[K\n'}
[15.574693] (rplidar_ros) StderrLine: {'line': b'In file included from \x1b[01m\x1b[K/home/ty/rplidar_sdk/src/rplidar_ros/sdk/include/sl_lidar_driver.h:54\x1b[m\x1b[K,\n'}
[15.574976] (rplidar_ros) StderrLine: {'line': b'                 from \x1b[01m\x1b[K/home/ty/rplidar_sdk/src/rplidar_ros/sdk/src/sl_tcp_channel.cpp:33\x1b[m\x1b[K:\n'}
[15.575236] (rplidar_ros) StderrLine: {'line': b'\x1b[01m\x1b[K/home/ty/rplidar_sdk/src/rplidar_ros/sdk/include/sl_lidar_cmd.h:324:20:\x1b[m\x1b[K \x1b[01;35m\x1b[Kwarning: \x1b[m\x1b[KISO C++ forbids zero-size array \xe2\x80\x98\x1b[01m\x1b[Kpayload\x1b[m\x1b[K\xe2\x80\x99 [\x1b[01;35m\x1b[K\x1b]8;;https://gcc.gnu.org/onlinedocs/gcc/Warning-Options.html#index-Wpedantic\x07-Wpedantic\x1b]8;;\x07\x1b[m\x1b[K]\n'}
[15.575477] (rplidar_ros) StderrLine: {'line': b'  324 |     sl_u8  payload[\x1b[01;35m\x1b[K0\x1b[m\x1b[K];\n'}
[15.575734] (rplidar_ros) StderrLine: {'line': b'      |                    \x1b[01;35m\x1b[K^\x1b[m\x1b[K\n'}
[15.585765] (rplidar_ros) StderrLine: {'line': b'\x1b[01m\x1b[K/home/ty/rplidar_sdk/src/rplidar_ros/sdk/src/sl_tcp_channel.cpp:\x1b[m\x1b[K In member function \xe2\x80\x98\x1b[01m\x1b[Kvoid sl::TcpChannel::setStatus(_u32)\x1b[m\x1b[K\xe2\x80\x99:\n'}
[15.586369] (rplidar_ros) StderrLine: {'line': b'\x1b[01m\x1b[K/home/ty/rplidar_sdk/src/rplidar_ros/sdk/src/sl_tcp_channel.cpp:109:29:\x1b[m\x1b[K \x1b[01;35m\x1b[Kwarning: \x1b[m\x1b[Kunused parameter \xe2\x80\x98\x1b[01m\x1b[Kflag\x1b[m\x1b[K\xe2\x80\x99 [\x1b[01;35m\x1b[K\x1b]8;;https://gcc.gnu.org/onlinedocs/gcc/Warning-Options.html#index-Wunused-parameter\x07-Wunused-parameter\x1b]8;;\x07\x1b[m\x1b[K]\n'}
[15.586680] (rplidar_ros) StderrLine: {'line': b'  109 |         void setStatus(\x1b[01;35m\x1b[K_u32 flag\x1b[m\x1b[K){}\n'}
[15.586918] (rplidar_ros) StderrLine: {'line': b'      |                        \x1b[01;35m\x1b[K~~~~~^~~~\x1b[m\x1b[K\n'}
[15.667683] (-) TimerEvent: {}
[15.675037] (rplidar_ros) StderrLine: {'line': b'\x1b[01m\x1b[K/home/ty/rplidar_sdk/src/rplidar_ros/sdk/src/sl_lidar_driver.cpp:\x1b[m\x1b[K At global scope:\n'}
[15.675785] (rplidar_ros) StderrLine: {'line': b'\x1b[01m\x1b[K/home/ty/rplidar_sdk/src/rplidar_ros/sdk/src/sl_lidar_driver.cpp:83:17:\x1b[m\x1b[K \x1b[01;35m\x1b[Kwarning: \x1b[m\x1b[K\xe2\x80\x98\x1b[01m\x1b[Kvoid sl::convert(const sl_lidar_response_measurement_node_hq_t&, sl_lidar_response_measurement_node_t&)\x1b[m\x1b[K\xe2\x80\x99 defined but not used [\x1b[01;35m\x1b[K\x1b]8;;https://gcc.gnu.org/onlinedocs/gcc/Warning-Options.html#index-Wunused-function\x07-Wunused-function\x1b]8;;\x07\x1b[m\x1b[K]\n'}
[15.676130] (rplidar_ros) StderrLine: {'line': b'   83 |     static void \x1b[01;35m\x1b[Kconvert\x1b[m\x1b[K(const sl_lidar_response_measurement_node_hq_t& from, sl_lidar_response_measurement_node_t& to)\n'}
[15.676379] (rplidar_ros) StderrLine: {'line': b'      |                 \x1b[01;35m\x1b[K^~~~~~~\x1b[m\x1b[K\n'}
[15.676739] (rplidar_ros) StderrLine: {'line': b'\x1b[01m\x1b[K/home/ty/rplidar_sdk/src/rplidar_ros/sdk/src/sl_lidar_driver.cpp:75:17:\x1b[m\x1b[K \x1b[01;35m\x1b[Kwarning: \x1b[m\x1b[K\xe2\x80\x98\x1b[01m\x1b[Kvoid sl::convert(const sl_lidar_response_measurement_node_t&, sl_lidar_response_measurement_node_hq_t&)\x1b[m\x1b[K\xe2\x80\x99 defined but not used [\x1b[01;35m\x1b[K\x1b]8;;https://gcc.gnu.org/onlinedocs/gcc/Warning-Options.html#index-Wunused-function\x07-Wunused-function\x1b]8;;\x07\x1b[m\x1b[K]\n'}
[15.677047] (rplidar_ros) StderrLine: {'line': b'   75 |     static void \x1b[01;35m\x1b[Kconvert\x1b[m\x1b[K(const sl_lidar_response_measurement_node_t& from, sl_lidar_response_measurement_node_hq_t& to)\n'}
[15.677281] (rplidar_ros) StderrLine: {'line': b'      |                 \x1b[01;35m\x1b[K^~~~~~~\x1b[m\x1b[K\n'}
[15.677587] (rplidar_ros) StderrLine: {'line': b'\x1b[01m\x1b[K/home/ty/rplidar_sdk/src/rplidar_ros/sdk/src/sl_lidar_driver.cpp:70:17:\x1b[m\x1b[K \x1b[01;35m\x1b[Kwarning: \x1b[m\x1b[K\xe2\x80\x98\x1b[01m\x1b[Kvoid sl::printDeprecationWarn(const char*, const char*)\x1b[m\x1b[K\xe2\x80\x99 defined but not used [\x1b[01;35m\x1b[K\x1b]8;;https://gcc.gnu.org/onlinedocs/gcc/Warning-Options.html#index-Wunused-function\x07-Wunused-function\x1b]8;;\x07\x1b[m\x1b[K]\n'}
[15.677856] (rplidar_ros) StderrLine: {'line': b'   70 |     static void \x1b[01;35m\x1b[KprintDeprecationWarn\x1b[m\x1b[K(const char* fn, const char* replacement)\n'}
[15.678087] (rplidar_ros) StderrLine: {'line': b'      |                 \x1b[01;35m\x1b[K^~~~~~~~~~~~~~~~~~~~\x1b[m\x1b[K\n'}
[15.767850] (-) TimerEvent: {}
[15.785385] (rplidar_ros) StderrLine: {'line': b'In file included from \x1b[01m\x1b[K/home/ty/rplidar_sdk/src/rplidar_ros/sdk/include/sl_lidar_cmd.h:41\x1b[m\x1b[K,\n'}
[15.785818] (rplidar_ros) StderrLine: {'line': b'                 from \x1b[01m\x1b[K/home/ty/rplidar_sdk/src/rplidar_ros/sdk/include/sl_lidar_driver.h:54\x1b[m\x1b[K,\n'}
[15.785987] (rplidar_ros) StderrLine: {'line': b'                 from \x1b[01m\x1b[K/home/ty/rplidar_sdk/src/rplidar_ros/sdk/src/sl_udp_channel.cpp:33\x1b[m\x1b[K:\n'}
[15.786114] (rplidar_ros) StderrLine: {'line': b'\x1b[01m\x1b[K/home/ty/rplidar_sdk/src/rplidar_ros/sdk/include/sl_lidar_protocol.h:66:16:\x1b[m\x1b[K \x1b[01;35m\x1b[Kwarning: \x1b[m\x1b[KISO C++ forbids zero-size array \xe2\x80\x98\x1b[01m\x1b[Kdata\x1b[m\x1b[K\xe2\x80\x99 [\x1b[01;35m\x1b[K\x1b]8;;https://gcc.gnu.org/onlinedocs/gcc/Warning-Options.html#index-Wpedantic\x07-Wpedantic\x1b]8;;\x07\x1b[m\x1b[K]\n'}
[15.786245] (rplidar_ros) StderrLine: {'line': b'   66 |     sl_u8 data[\x1b[01;35m\x1b[K0\x1b[m\x1b[K];\n'}
[15.786397] (rplidar_ros) StderrLine: {'line': b'      |                \x1b[01;35m\x1b[K^\x1b[m\x1b[K\n'}
[15.786718] (rplidar_ros) StderrLine: {'line': b'In file included from \x1b[01m\x1b[K/home/ty/rplidar_sdk/src/rplidar_ros/sdk/include/sl_lidar_driver.h:54\x1b[m\x1b[K,\n'}
[15.786884] (rplidar_ros) StderrLine: {'line': b'                 from \x1b[01m\x1b[K/home/ty/rplidar_sdk/src/rplidar_ros/sdk/src/sl_udp_channel.cpp:33\x1b[m\x1b[K:\n'}
[15.787035] (rplidar_ros) StderrLine: {'line': b'\x1b[01m\x1b[K/home/ty/rplidar_sdk/src/rplidar_ros/sdk/include/sl_lidar_cmd.h:324:20:\x1b[m\x1b[K \x1b[01;35m\x1b[Kwarning: \x1b[m\x1b[KISO C++ forbids zero-size array \xe2\x80\x98\x1b[01m\x1b[Kpayload\x1b[m\x1b[K\xe2\x80\x99 [\x1b[01;35m\x1b[K\x1b]8;;https://gcc.gnu.org/onlinedocs/gcc/Warning-Options.html#index-Wpedantic\x07-Wpedantic\x1b]8;;\x07\x1b[m\x1b[K]\n'}
[15.787167] (rplidar_ros) StderrLine: {'line': b'  324 |     sl_u8  payload[\x1b[01;35m\x1b[K0\x1b[m\x1b[K];\n'}
[15.787285] (rplidar_ros) StderrLine: {'line': b'      |                    \x1b[01;35m\x1b[K^\x1b[m\x1b[K\n'}
[15.805772] (rplidar_ros) StderrLine: {'line': b'\x1b[01m\x1b[K/home/ty/rplidar_sdk/src/rplidar_ros/sdk/src/sl_udp_channel.cpp:\x1b[m\x1b[K In member function \xe2\x80\x98\x1b[01m\x1b[Kvoid sl::UdpChannel::setStatus(_u32)\x1b[m\x1b[K\xe2\x80\x99:\n'}
[15.808019] (rplidar_ros) StderrLine: {'line': b'\x1b[01m\x1b[K/home/ty/rplidar_sdk/src/rplidar_ros/sdk/src/sl_udp_channel.cpp:112:29:\x1b[m\x1b[K \x1b[01;35m\x1b[Kwarning: \x1b[m\x1b[Kunused parameter \xe2\x80\x98\x1b[01m\x1b[Kflag\x1b[m\x1b[K\xe2\x80\x99 [\x1b[01;35m\x1b[K\x1b]8;;https://gcc.gnu.org/onlinedocs/gcc/Warning-Options.html#index-Wunused-parameter\x07-Wunused-parameter\x1b]8;;\x07\x1b[m\x1b[K]\n'}
[15.809683] (rplidar_ros) StderrLine: {'line': b'  112 |         void setStatus(\x1b[01;35m\x1b[K_u32 flag\x1b[m\x1b[K){}\n'}
[15.809905] (rplidar_ros) StderrLine: {'line': b'      |                        \x1b[01;35m\x1b[K~~~~~^~~~\x1b[m\x1b[K\n'}
[15.868019] (-) TimerEvent: {}
[15.968992] (-) TimerEvent: {}
[16.051732] (rplidar_ros) StdoutLine: {'line': b'[ 94%] \x1b[32m\x1b[1mLinking CXX executable rplidar_node\x1b[0m\n'}
[16.069179] (-) TimerEvent: {}
[16.169829] (-) TimerEvent: {}
[16.270537] (-) TimerEvent: {}
[16.371243] (-) TimerEvent: {}
[16.471950] (-) TimerEvent: {}
[16.474346] (rplidar_ros) StdoutLine: {'line': b'[ 97%] \x1b[32m\x1b[1mLinking CXX executable rplidar_composition\x1b[0m\n'}
[16.572145] (-) TimerEvent: {}
[16.672881] (-) TimerEvent: {}
[16.686840] (rplidar_ros) StdoutLine: {'line': b'[ 97%] Built target rplidar_node\n'}
[16.773056] (-) TimerEvent: {}
[16.873727] (-) TimerEvent: {}
[16.974377] (-) TimerEvent: {}
[17.043802] (rplidar_ros) StdoutLine: {'line': b'[ 97%] Built target rplidar_composition\n'}
[17.074480] (-) TimerEvent: {}
[17.175118] (-) TimerEvent: {}
[17.275894] (-) TimerEvent: {}
[17.376637] (-) TimerEvent: {}
[17.477359] (-) TimerEvent: {}
[17.578109] (-) TimerEvent: {}
[17.678875] (-) TimerEvent: {}
[17.779643] (-) TimerEvent: {}
[17.880402] (-) TimerEvent: {}
[17.981167] (-) TimerEvent: {}
[18.081922] (-) TimerEvent: {}
[18.182677] (-) TimerEvent: {}
[18.283459] (-) TimerEvent: {}
[18.384234] (-) TimerEvent: {}
[18.484980] (-) TimerEvent: {}
[18.585733] (-) TimerEvent: {}
[18.686463] (-) TimerEvent: {}
[18.787155] (-) TimerEvent: {}
[18.887799] (-) TimerEvent: {}
[18.988543] (-) TimerEvent: {}
[19.089275] (-) TimerEvent: {}
[19.189988] (-) TimerEvent: {}
[19.290699] (-) TimerEvent: {}
[19.391432] (-) TimerEvent: {}
[19.492198] (-) TimerEvent: {}
[19.592945] (-) TimerEvent: {}
[19.693685] (-) TimerEvent: {}
[19.794411] (-) TimerEvent: {}
[19.895117] (-) TimerEvent: {}
[19.995897] (-) TimerEvent: {}
[20.096656] (-) TimerEvent: {}
[20.197386] (-) TimerEvent: {}
[20.298117] (-) TimerEvent: {}
[20.398859] (-) TimerEvent: {}
[20.499602] (-) TimerEvent: {}
[20.600334] (-) TimerEvent: {}
[20.701071] (-) TimerEvent: {}
[20.801763] (-) TimerEvent: {}
[20.902467] (-) TimerEvent: {}
[21.003418] (-) TimerEvent: {}
[21.104208] (-) TimerEvent: {}
[21.204966] (-) TimerEvent: {}
[21.305696] (-) TimerEvent: {}
[21.406456] (-) TimerEvent: {}
[21.507186] (-) TimerEvent: {}
[21.607930] (-) TimerEvent: {}
[21.708666] (-) TimerEvent: {}
[21.809414] (-) TimerEvent: {}
[21.910139] (-) TimerEvent: {}
[22.010849] (-) TimerEvent: {}
[22.111614] (-) TimerEvent: {}
[22.212361] (-) TimerEvent: {}
[22.313115] (-) TimerEvent: {}
[22.413881] (-) TimerEvent: {}
[22.429883] (rplidar_ros) StdoutLine: {'line': b'[100%] \x1b[32m\x1b[1mLinking CXX executable rplidar_client\x1b[0m\n'}
[22.514071] (-) TimerEvent: {}
[22.614739] (-) TimerEvent: {}
[22.715397] (-) TimerEvent: {}
[22.816060] (-) TimerEvent: {}
[22.916696] (-) TimerEvent: {}
[23.017326] (-) TimerEvent: {}
[23.117962] (-) TimerEvent: {}
[23.212155] (rplidar_ros) StdoutLine: {'line': b'[100%] Built target rplidar_client\n'}
[23.218055] (-) TimerEvent: {}
[23.238434] (rplidar_ros) CommandEnded: {'returncode': 0}
[23.240474] (rplidar_ros) JobProgress: {'identifier': 'rplidar_ros', 'progress': 'install'}
[23.262446] (rplidar_ros) Command: {'cmd': ['/usr/bin/cmake', '--install', '/home/ty/rplidar_sdk/src/rplidar_ros/build/rplidar_ros'], 'cwd': '/home/ty/rplidar_sdk/src/rplidar_ros/build/rplidar_ros', 'env': OrderedDict([('LESSOPEN', '| /usr/bin/lesspipe %s'), ('USER', 'ty'), ('XDG_SESSION_TYPE', 'x11'), ('SHLVL', '1'), ('LD_LIBRARY_PATH', '/opt/ros/humble/opt/rviz_ogre_vendor/lib:/opt/ros/humble/lib/aarch64-linux-gnu:/opt/ros/humble/lib'), ('HOME', '/home/ty'), ('OLDPWD', '/home/ty'), ('DESKTOP_SESSION', 'ubuntu'), ('ROS_PYTHON_VERSION', '3'), ('GNOME_SHELL_SESSION_MODE', 'ubuntu'), ('GTK_MODULES', 'gail:atk-bridge'), ('SYSTEMD_EXEC_PID', '1829'), ('DBUS_SESSION_BUS_ADDRESS', 'unix:path=/run/user/1000/bus'), ('COLORTERM', 'truecolor'), ('IM_CONFIG_PHASE', '1'), ('ROS_DISTRO', 'humble'), ('GTK_IM_MODULE', 'ibus'), ('LOGNAME', 'ty'), ('_', '/usr/bin/colcon'), ('ROS_VERSION', '2'), ('XDG_SESSION_CLASS', 'user'), ('USERNAME', 'ty'), ('TERM', 'xterm-256color'), ('GNOME_DESKTOP_SESSION_ID', 'this-is-deprecated'), ('ROS_LOCALHOST_ONLY', '0'), ('WINDOWPATH', '2'), ('PATH', '/opt/ros/humble/bin:/usr/local/sbin:/usr/local/bin:/usr/sbin:/usr/bin:/sbin:/bin:/usr/games:/usr/local/games:/snap/bin:/snap/bin'), ('SESSION_MANAGER', 'local/ty-desktop:@/tmp/.ICE-unix/1803,unix/ty-desktop:/tmp/.ICE-unix/1803'), ('XDG_MENU_PREFIX', 'gnome-'), ('GNOME_TERMINAL_SCREEN', '/org/gnome/Terminal/screen/3c3b2d9d_d8a8_43d9_a94d_f580eb61baa1'), ('XDG_RUNTIME_DIR', '/run/user/1000'), ('DISPLAY', ':0'), ('LANG', 'en_US.UTF-8'), ('XDG_CURRENT_DESKTOP', 'ubuntu:GNOME'), ('XMODIFIERS', '@im=ibus'), ('XDG_SESSION_DESKTOP', 'ubuntu'), ('XAUTHORITY', '/run/user/1000/gdm/Xauthority'), ('LS_COLORS', 'rs=0:di=01;34:ln=01;36:mh=00:pi=40;33:so=01;35:do=01;35:bd=40;33;01:cd=40;33;01:or=40;31;01:mi=00:su=37;41:sg=30;43:ca=30;41:tw=30;42:ow=34;42:st=37;44:ex=01;32:*.tar=01;31:*.tgz=01;31:*.arc=01;31:*.arj=01;31:*.taz=01;31:*.lha=01;31:*.lz4=01;31:*.lzh=01;31:*.lzma=01;31:*.tlz=01;31:*.txz=01;31:*.tzo=01;31:*.t7z=01;31:*.zip=01;31:*.z=01;31:*.dz=01;31:*.gz=01;31:*.lrz=01;31:*.lz=01;31:*.lzo=01;31:*.xz=01;31:*.zst=01;31:*.tzst=01;31:*.bz2=01;31:*.bz=01;31:*.tbz=01;31:*.tbz2=01;31:*.tz=01;31:*.deb=01;31:*.rpm=01;31:*.jar=01;31:*.war=01;31:*.ear=01;31:*.sar=01;31:*.rar=01;31:*.alz=01;31:*.ace=01;31:*.zoo=01;31:*.cpio=01;31:*.7z=01;31:*.rz=01;31:*.cab=01;31:*.wim=01;31:*.swm=01;31:*.dwm=01;31:*.esd=01;31:*.jpg=01;35:*.jpeg=01;35:*.mjpg=01;35:*.mjpeg=01;35:*.gif=01;35:*.bmp=01;35:*.pbm=01;35:*.pgm=01;35:*.ppm=01;35:*.tga=01;35:*.xbm=01;35:*.xpm=01;35:*.tif=01;35:*.tiff=01;35:*.png=01;35:*.svg=01;35:*.svgz=01;35:*.mng=01;35:*.pcx=01;35:*.mov=01;35:*.mpg=01;35:*.mpeg=01;35:*.m2v=01;35:*.mkv=01;35:*.webm=01;35:*.webp=01;35:*.ogm=01;35:*.mp4=01;35:*.m4v=01;35:*.mp4v=01;35:*.vob=01;35:*.qt=01;35:*.nuv=01;35:*.wmv=01;35:*.asf=01;35:*.rm=01;35:*.rmvb=01;35:*.flc=01;35:*.avi=01;35:*.fli=01;35:*.flv=01;35:*.gl=01;35:*.dl=01;35:*.xcf=01;35:*.xwd=01;35:*.yuv=01;35:*.cgm=01;35:*.emf=01;35:*.ogv=01;35:*.ogx=01;35:*.aac=00;36:*.au=00;36:*.flac=00;36:*.m4a=00;36:*.mid=00;36:*.midi=00;36:*.mka=00;36:*.mp3=00;36:*.mpc=00;36:*.ogg=00;36:*.ra=00;36:*.wav=00;36:*.oga=00;36:*.opus=00;36:*.spx=00;36:*.xspf=00;36:'), ('GNOME_TERMINAL_SERVICE', ':1.93'), ('SSH_AGENT_LAUNCHER', 'gnome-keyring'), ('SSH_AUTH_SOCK', '/run/user/1000/keyring/ssh'), ('AMENT_PREFIX_PATH', '/opt/ros/humble'), ('SHELL', '/bin/bash'), ('QT_ACCESSIBILITY', '1'), ('GDMSESSION', 'ubuntu'), ('LESSCLOSE', '/usr/bin/lesspipe %s %s'), ('GPG_AGENT_INFO', '/run/user/1000/gnupg/S.gpg-agent:0:1'), ('QT_IM_MODULE', 'ibus'), ('PWD', '/home/ty/rplidar_sdk/src/rplidar_ros/build/rplidar_ros'), ('XDG_CONFIG_DIRS', '/etc/xdg/xdg-ubuntu:/etc/xdg'), ('XDG_DATA_DIRS', '/usr/share/ubuntu:/usr/share/gnome:/usr/local/share/:/usr/share/:/var/lib/snapd/desktop'), ('PYTHONPATH', '/opt/ros/humble/lib/python3.10/site-packages:/opt/ros/humble/local/lib/python3.10/dist-packages'), ('COLCON', '1'), ('VTE_VERSION', '6800'), ('CMAKE_PREFIX_PATH', '/opt/ros/humble')]), 'shell': False}
[23.279401] (rplidar_ros) StdoutLine: {'line': b'-- Install configuration: ""\n'}
[23.279793] (rplidar_ros) StdoutLine: {'line': b'-- Installing: /home/ty/rplidar_sdk/src/rplidar_ros/install/rplidar_ros/share/rplidar_ros/launch\n'}
[23.280138] (rplidar_ros) StdoutLine: {'line': b'-- Installing: /home/ty/rplidar_sdk/src/rplidar_ros/install/rplidar_ros/share/rplidar_ros/launch/view_rplidar_a2m12_launch.py\n'}
[23.280620] (rplidar_ros) StdoutLine: {'line': b'-- Installing: /home/ty/rplidar_sdk/src/rplidar_ros/install/rplidar_ros/share/rplidar_ros/launch/view_rplidar_s2e_launch.py\n'}
[23.281010] (rplidar_ros) StdoutLine: {'line': b'-- Installing: /home/ty/rplidar_sdk/src/rplidar_ros/install/rplidar_ros/share/rplidar_ros/launch/rplidar_s2e_launch.py\n'}
[23.281453] (rplidar_ros) StdoutLine: {'line': b'-- Installing: /home/ty/rplidar_sdk/src/rplidar_ros/install/rplidar_ros/share/rplidar_ros/launch/view_rplidar_s2_launch.py\n'}
[23.281785] (rplidar_ros) StdoutLine: {'line': b'-- Installing: /home/ty/rplidar_sdk/src/rplidar_ros/install/rplidar_ros/share/rplidar_ros/launch/rplidar_t1_launch.py\n'}
[23.282129] (rplidar_ros) StdoutLine: {'line': b'-- Installing: /home/ty/rplidar_sdk/src/rplidar_ros/install/rplidar_ros/share/rplidar_ros/launch/rplidar_s1_tcp_launch.py\n'}
[23.282485] (rplidar_ros) StdoutLine: {'line': b'-- Installing: /home/ty/rplidar_sdk/src/rplidar_ros/install/rplidar_ros/share/rplidar_ros/launch/rplidar_c1_launch.py\n'}
[23.282876] (rplidar_ros) StdoutLine: {'line': b'-- Installing: /home/ty/rplidar_sdk/src/rplidar_ros/install/rplidar_ros/share/rplidar_ros/launch/rplidar_a3_launch.py\n'}
[23.283235] (rplidar_ros) StdoutLine: {'line': b'-- Installing: /home/ty/rplidar_sdk/src/rplidar_ros/install/rplidar_ros/share/rplidar_ros/launch/rplidar_s2_launch.py\n'}
[23.283634] (rplidar_ros) StdoutLine: {'line': b'-- Installing: /home/ty/rplidar_sdk/src/rplidar_ros/install/rplidar_ros/share/rplidar_ros/launch/view_rplidar_t1_launch.py\n'}
[23.284003] (rplidar_ros) StdoutLine: {'line': b'-- Installing: /home/ty/rplidar_sdk/src/rplidar_ros/install/rplidar_ros/share/rplidar_ros/launch/rplidar_a2m12_launch.py\n'}
[23.284378] (rplidar_ros) StdoutLine: {'line': b'-- Installing: /home/ty/rplidar_sdk/src/rplidar_ros/install/rplidar_ros/share/rplidar_ros/launch/view_rplidar_s3_launch.py\n'}
[23.284748] (rplidar_ros) StdoutLine: {'line': b'-- Installing: /home/ty/rplidar_sdk/src/rplidar_ros/install/rplidar_ros/share/rplidar_ros/launch/rplidar_s3_launch.py\n'}
[23.285125] (rplidar_ros) StdoutLine: {'line': b'-- Installing: /home/ty/rplidar_sdk/src/rplidar_ros/install/rplidar_ros/share/rplidar_ros/launch/view_rplidar_a2m7_launch.py\n'}
[23.285497] (rplidar_ros) StdoutLine: {'line': b'-- Installing: /home/ty/rplidar_sdk/src/rplidar_ros/install/rplidar_ros/share/rplidar_ros/launch/rplidar_a1_launch.py\n'}
[23.285871] (rplidar_ros) StdoutLine: {'line': b'-- Installing: /home/ty/rplidar_sdk/src/rplidar_ros/install/rplidar_ros/share/rplidar_ros/launch/view_rplidar_s1_launch.py\n'}
[23.286226] (rplidar_ros) StdoutLine: {'line': b'-- Installing: /home/ty/rplidar_sdk/src/rplidar_ros/install/rplidar_ros/share/rplidar_ros/launch/view_rplidar_a2m8_launch.py\n'}
[23.286534] (rplidar_ros) StdoutLine: {'line': b'-- Installing: /home/ty/rplidar_sdk/src/rplidar_ros/install/rplidar_ros/share/rplidar_ros/launch/view_rplidar_a1_launch.py\n'}
[23.286835] (rplidar_ros) StdoutLine: {'line': b'-- Installing: /home/ty/rplidar_sdk/src/rplidar_ros/install/rplidar_ros/share/rplidar_ros/launch/rplidar_s1_launch.py\n'}
[23.287145] (rplidar_ros) StdoutLine: {'line': b'-- Installing: /home/ty/rplidar_sdk/src/rplidar_ros/install/rplidar_ros/share/rplidar_ros/launch/view_rplidar_c1_launch.py\n'}
[23.287452] (rplidar_ros) StdoutLine: {'line': b'-- Installing: /home/ty/rplidar_sdk/src/rplidar_ros/install/rplidar_ros/share/rplidar_ros/launch/system_launch.py\n'}
[23.287878] (rplidar_ros) StdoutLine: {'line': b'-- Installing: /home/ty/rplidar_sdk/src/rplidar_ros/install/rplidar_ros/share/rplidar_ros/launch/rplidar_a2m7_launch.py\n'}
[23.288175] (rplidar_ros) StdoutLine: {'line': b'-- Installing: /home/ty/rplidar_sdk/src/rplidar_ros/install/rplidar_ros/share/rplidar_ros/launch/view_rplidar_s1_tcp_launch.py\n'}
[23.288484] (rplidar_ros) StdoutLine: {'line': b'-- Installing: /home/ty/rplidar_sdk/src/rplidar_ros/install/rplidar_ros/share/rplidar_ros/launch/view_rplidar_a3_launch.py\n'}
[23.288806] (rplidar_ros) StdoutLine: {'line': b'-- Installing: /home/ty/rplidar_sdk/src/rplidar_ros/install/rplidar_ros/share/rplidar_ros/launch/rplidar_a2m8_launch.py\n'}
[23.289107] (rplidar_ros) StdoutLine: {'line': b'-- Installing: /home/ty/rplidar_sdk/src/rplidar_ros/install/rplidar_ros/share/rplidar_ros/rviz\n'}
[23.289438] (rplidar_ros) StdoutLine: {'line': b'-- Installing: /home/ty/rplidar_sdk/src/rplidar_ros/install/rplidar_ros/share/rplidar_ros/rviz/rplidar_ros.rviz\n'}
[23.290168] (rplidar_ros) StdoutLine: {'line': b'-- Installing: /home/ty/rplidar_sdk/src/rplidar_ros/install/rplidar_ros/lib/rplidar_ros/rplidar_node\n'}
[23.294875] (rplidar_ros) StdoutLine: {'line': b'-- Set runtime path of "/home/ty/rplidar_sdk/src/rplidar_ros/install/rplidar_ros/lib/rplidar_ros/rplidar_node" to ""\n'}
[23.295213] (rplidar_ros) StdoutLine: {'line': b'-- Installing: /home/ty/rplidar_sdk/src/rplidar_ros/install/rplidar_ros/lib/rplidar_ros/rplidar_composition\n'}
[23.300014] (rplidar_ros) StdoutLine: {'line': b'-- Set runtime path of "/home/ty/rplidar_sdk/src/rplidar_ros/install/rplidar_ros/lib/rplidar_ros/rplidar_composition" to ""\n'}
[23.300329] (rplidar_ros) StdoutLine: {'line': b'-- Installing: /home/ty/rplidar_sdk/src/rplidar_ros/install/rplidar_ros/lib/rplidar_ros/rplidar_client\n'}
[23.308081] (rplidar_ros) StdoutLine: {'line': b'-- Set runtime path of "/home/ty/rplidar_sdk/src/rplidar_ros/install/rplidar_ros/lib/rplidar_ros/rplidar_client" to ""\n'}
[23.308449] (rplidar_ros) StdoutLine: {'line': b'-- Installing: /home/ty/rplidar_sdk/src/rplidar_ros/install/rplidar_ros/share/ament_index/resource_index/package_run_dependencies/rplidar_ros\n'}
[23.308855] (rplidar_ros) StdoutLine: {'line': b'-- Installing: /home/ty/rplidar_sdk/src/rplidar_ros/install/rplidar_ros/share/ament_index/resource_index/parent_prefix_path/rplidar_ros\n'}
[23.309259] (rplidar_ros) StdoutLine: {'line': b'-- Installing: /home/ty/rplidar_sdk/src/rplidar_ros/install/rplidar_ros/share/rplidar_ros/environment/ament_prefix_path.sh\n'}
[23.309562] (rplidar_ros) StdoutLine: {'line': b'-- Installing: /home/ty/rplidar_sdk/src/rplidar_ros/install/rplidar_ros/share/rplidar_ros/environment/ament_prefix_path.dsv\n'}
[23.309864] (rplidar_ros) StdoutLine: {'line': b'-- Installing: /home/ty/rplidar_sdk/src/rplidar_ros/install/rplidar_ros/share/rplidar_ros/environment/path.sh\n'}
[23.310138] (rplidar_ros) StdoutLine: {'line': b'-- Installing: /home/ty/rplidar_sdk/src/rplidar_ros/install/rplidar_ros/share/rplidar_ros/environment/path.dsv\n'}
[23.310432] (rplidar_ros) StdoutLine: {'line': b'-- Installing: /home/ty/rplidar_sdk/src/rplidar_ros/install/rplidar_ros/share/rplidar_ros/local_setup.bash\n'}
[23.310714] (rplidar_ros) StdoutLine: {'line': b'-- Installing: /home/ty/rplidar_sdk/src/rplidar_ros/install/rplidar_ros/share/rplidar_ros/local_setup.sh\n'}
[23.311005] (rplidar_ros) StdoutLine: {'line': b'-- Installing: /home/ty/rplidar_sdk/src/rplidar_ros/install/rplidar_ros/share/rplidar_ros/local_setup.zsh\n'}
[23.311272] (rplidar_ros) StdoutLine: {'line': b'-- Installing: /home/ty/rplidar_sdk/src/rplidar_ros/install/rplidar_ros/share/rplidar_ros/local_setup.dsv\n'}
[23.311586] (rplidar_ros) StdoutLine: {'line': b'-- Installing: /home/ty/rplidar_sdk/src/rplidar_ros/install/rplidar_ros/share/rplidar_ros/package.dsv\n'}
[23.311894] (rplidar_ros) StdoutLine: {'line': b'-- Installing: /home/ty/rplidar_sdk/src/rplidar_ros/install/rplidar_ros/share/ament_index/resource_index/packages/rplidar_ros\n'}
[23.312235] (rplidar_ros) StdoutLine: {'line': b'-- Installing: /home/ty/rplidar_sdk/src/rplidar_ros/install/rplidar_ros/share/rplidar_ros/cmake/ament_cmake_export_dependencies-extras.cmake\n'}
[23.312529] (rplidar_ros) StdoutLine: {'line': b'-- Installing: /home/ty/rplidar_sdk/src/rplidar_ros/install/rplidar_ros/share/rplidar_ros/cmake/ament_cmake_export_include_directories-extras.cmake\n'}
[23.312819] (rplidar_ros) StdoutLine: {'line': b'-- Installing: /home/ty/rplidar_sdk/src/rplidar_ros/install/rplidar_ros/share/rplidar_ros/cmake/rplidar_rosConfig.cmake\n'}
[23.313093] (rplidar_ros) StdoutLine: {'line': b'-- Installing: /home/ty/rplidar_sdk/src/rplidar_ros/install/rplidar_ros/share/rplidar_ros/cmake/rplidar_rosConfig-version.cmake\n'}
[23.313362] (rplidar_ros) StdoutLine: {'line': b'-- Installing: /home/ty/rplidar_sdk/src/rplidar_ros/install/rplidar_ros/share/rplidar_ros/package.xml\n'}
[23.317462] (rplidar_ros) CommandEnded: {'returncode': 0}
[23.319202] (-) TimerEvent: {}
[23.368743] (rplidar_ros) JobEnded: {'identifier': 'rplidar_ros', 'rc': 0}
[23.406365] (-) EventReactorShutdown: {}
